code,turnover20,last_close,days
8160,242064360.0,2412.0,734
6282,331882225.0,2936.0,734
2736,4448715.0,599.0,734
7483,174771350.0,3120.0,734
153A,148340530.0,1694.0,607
1960,23982945.0,1665.0,734
4572,49121010.0,449.0,734
3402,4906724717.5,1248.0,734
3920,1583460.0,999.0,734
3662,78910495.0,937.0,734
9895,864455.0,1285.0,734
4369,1797279395.0,2925.0,734
6495,34695270.0,110.0,734
4293,201260260.0,506.0,734
7867,2308280455.0,4040.0,734
4023,1225104000.0,4160.0,734
9253,628255.0,758.0,734
9052,120529030.0,2007.0,734
6063,1522155.0,1008.0,734
2449,20410400.0,1061.0,734
1911,5343626980.0,1226.5,734
2733,242504775.0,2705.0,734
4324,3475666700.0,3591.0,734
6941,2072317350.0,8020.0,734
5026,16837945.0,577.0,734
9165,10257970.0,1770.0,734
1926,467589375.0,3925.0,734
3280,8811280.0,935.0,734
6626,29349840.0,2376.0,734
6042,2130675.0,3875.0,734
8202,6754020.0,149.0,734
8217,55787445.0,804.0,734
1807,1676345.0,1934.0,734
6858,31331290.0,834.0,734
6400,4744915.0,298.0,734
3807,26818750.0,90.0,734
7717,853108450.0,5840.0,734
6547,97899090.0,2144.0,734
205A,40447330.0,1683.0,544
3046,1686547300.0,5910.0,734
9020,9675124745.0,3460.0,734
4091,3158693745.0,5491.0,734
1966,3696510.0,1741.0,734
4635,63276960.0,2045.0,734
6557,13049005.0,712.0,734
8737,18458085.0,617.0,734
3431,114348410.0,1568.0,734
3151,120554790.0,1632.0,734
4521,402689900.0,3980.0,734
3023,45642195.0,2082.0,734
9244,8732580.0,1447.0,734
8995,936292365.0,1939.0,734
2437,48316785.0,620.0,734
2338,52860255.0,115.0,734
2117,63535570.0,2855.0,734
9997,257398465.0,1080.0,734
2502,9538290410.0,1610.0,734
4490,6565605.0,657.0,734
4391,3793215.0,1125.0,734
7760,144249610.0,2060.0,734
4074,3243825.0,776.0,734
6929,346700750.0,3650.0,734
9023,2403610702.5,1559.5,466
7615,64554945.0,99.0,734
7458,569430717.5,1882.0,734
7734,289027525.0,3510.0,734
5724,684313100.0,3280.0,734
4766,2008030.0,205.0,734
9678,498435450.0,5450.0,734
5367,222197075.0,1450.0,734
4370,119839450.0,429.0,734
3557,5092220.0,506.0,734
464A,2265585655.0,1775.0,681
2933,69154370.0,1127.0,734
6183,382687375.0,1367.0,734
7746,431585895.0,811.0,734
5698,112982465.0,746.0,734
4882,167567735.0,182.0,734
4004,28359076525.0,13895.0,734
8001,37656286272.5,2306.5,734
1959,1372087095.0,8087.0,734
1444,3718635.0,2731.0,734
1332,2102427227.5,1163.0,734
4120,1923025.0,2910.0,734
3297,1543985.0,1179.0,734
6195,4207660.0,205.0,734
9436,559276325.0,4450.0,734
544A,115509275.0,327.0,116
1417,723335565.0,3591.0,734
3653,2652169100.0,1099.0,734
3937,79154970.0,1172.0,734
7299,7514650.0,1800.0,734
3469,2926785.0,884.0,734
3202,3707490.0,131.0,734
5184,45323750.0,4130.0,734
9890,14168570.0,1473.0,734
4461,2274843950.0,13090.0,734
5458,6579895.0,1354.0,734
7610,67925570.0,136.0,734
5586,55853740.0,916.0,734
336A,11462337555.0,1360.0,364
8011,271621915.7977295,1368.0,734
6089,53430630.0,1176.0,734
7208,2364930.0,1290.0,734
6289,146024240.0,1938.0,734
6455,178873845.0,2530.0,734
7500,2267150.0,10100.0,734
4395,47195215.0,567.0,734
4187,480029525.0,4100.0,734
7751,13578162425.0,4503.0,734
6430,109398680.0,2468.0,734
5025,469810.0,584.0,734
7919,2374205.0,223.0,734
483A,3367745.0,2169.0,181
2130,56803590.0,925.0,734
9767,2393155.0,1732.0,734
3904,4427010.0,423.0,734
3277,15055355.0,829.0,734
2673,9595765.0,106.0,734
4255,14725900.0,3565.0,734
6777,2032143450.0,21050.0,734
7172,292616580.0,2138.0,734
3940,30876490.0,136.0,734
8117,1221651360.0,2188.0,734
8927,44817745.0,500.0,734
8522,823779100.0,7220.0,734
7241,342056410.0,1108.0,734
3153,278446635.0,3265.0,734
5582,42496890.0,2046.0,734
7986,814135.0,1914.0,734
2982,89315400.0,431.0,734
2726,1230655105.0,1486.0,734
3293,2328505.0,764.0,734
6254,1486127875.0,3300.0,734
3388,58726085.0,2127.0,734
3950,141819990.0,1466.0,734
3465,545760400.0,3260.0,734
5255,23901635.0,78.0,734
8053,19090177715.0,1796.0,734
4082,4557322750.0,2448.0,734
1848,17220090.0,810.0,734
6190,2589410.0,306.0,734
6513,34268625.0,1283.0,734
4222,320858915.0,674.0,734
1887,125612285.0,550.0,734
4356,1019290.0,1609.0,734
9991,60919370.0,1827.0,734
4558,2512470.0,200.0,734
6227,5895577200.0,6170.0,734
6566,1575420.0,1269.0,734
2897,3630649980.0,2943.5,734
9536,460094455.0,2662.0,734
7012,27861713347.5,2404.5,734
3011,2216825.0,142.0,734
4360,10687025.0,992.0,734
1847,83071625.0,3430.0,734
4901,12942334465.0,3324.0,734
7914,108487135.0,1774.0,734
6995,386054050.0,3205.0,734
138A,3996975.0,3070.0,626
2304,4096765.0,909.0,734
9885,2059430.0,335.0,734
9769,32548100.0,2601.0,734
3106,298783250.0,11320.0,734
4389,6801795.0,1058.0,734
6418,154993405.0,1260.0,734
3758,4909000.0,251.0,734
2376,1846620.0,798.0,734
9980,8777255.0,94.0,734
7050,24292485.0,1560.0,734
5038,98806465.0,2110.0,734
3179,112154980.0,1260.0,734
2927,25497575.0,854.0,734
6806,3655268925.0,24495.0,734
9264,47880375.0,1624.0,734
3996,11491905.0,214.0,734
3093,335400060.0,1920.0,734
4167,5783925.0,345.0,734
2815,442752000.0,5250.0,734
7793,2257635.0,1614.0,734
7726,10430825.0,1401.0,734
3494,2490615.0,451.0,734
9130,592048985.0,1799.0,734
6338,17729370.0,1647.0,734
9268,77928275.0,404.0,734
9956,589704400.0,3385.0,734
5884,10114370.0,605.0,734
7741,26495748250.0,22605.0,734
7284,1020540.0,1174.0,734
2003,33298445.0,1916.0,734
3834,31038470.0,608.0,734
4169,140935755.0,254.0,734
3067,4044135.0,465.0,734
9704,9546130.0,28.0,734
7928,3725555.0,615.0,734
7822,7613745.0,258.0,734
141A,2406836225.0,3650.0,612
4462,80914920.0,2802.0,734
7399,1796920.0,618.0,734
3799,4831855.0,1144.0,734
2594,151086325.0,2008.0,734
9324,232895500.0,2684.0,734
8714,811053940.0,1102.0,734
7477,989440.0,1586.0,734
9025,232547610.0,2965.0,734
6159,5914725.0,1990.0,734
8006,3921450.0,1472.0,734
407A,14773230.0,932.0,240
1793,6332065.0,2121.0,734
4650,850130.0,270.0,734
3040,230447935.0,2499.0,734
2670,1501757452.5,2684.0,734
332A,67391620.0,1234.0,368
4092,663506050.0,5760.0,734
3397,1337789400.0,4451.0,734
5570,11397140.0,619.0,734
4063,35608300650.0,5844.0,734
2311,6362635.0,788.0,734
9351,5444350.0,1924.0,734
4487,752450.0,229.0,734
6634,13512830.0,68.0,734
3571,3462690.0,723.0,734
4840,396538560.0,709.0,734
7603,38938740.0,34.0,734
6454,518374605.0,1929.0,734
5901,1404715960.0,4536.0,734
6287,283899120.0,2655.0,734
4418,261583870.0,1181.0,734
3538,10538770.0,1034.0,734
3989,861833525.0,1545.0,734
1942,3918395010.0,5543.0,734
2929,219596490.0,730.0,734
6279,15698575.0,935.0,734
9934,669375077.5,3097.0,734
6563,11491520.0,453.0,734
7677,522960.0,2817.0,734
338A,2441731730.0,3420.0,363
7552,635411475.0,4075.0,734
5210,82461305.0,2883.0,734
5602,505298745.0,1584.0,734
7189,2052043100.0,4964.0,734
6568,4084085.0,1221.0,734
9404,1449234247.5,3009.0,734
4445,3669280.0,1940.0,734
8132,65399100.0,7570.0,734
6654,11046425.0,1080.0,734
6754,2772393980.0,3213.0,734
3645,49147270.0,256.0,734
6508,2954866050.0,10930.0,734
5906,3297430.0,772.0,734
6016,1471365450.0,12510.0,734
6869,4782102055.0,1859.5,734
6071,236146120.0,912.0,734
4447,5741020.0,499.0,734
3237,24179525.0,94.0,734
7844,83519730.0,538.0,734
3923,1823248455.0,1082.0,734
5726,1886380665.0,2422.0,734
3841,3214400.0,1349.0,734
6316,30383050.0,3005.0,734
7877,1314390.0,2194.0,734
7254,3804700.0,820.0,734
417A,432339277.5,1892.5,734
6627,1130171050.0,11660.0,734
1979,901546775.0,3845.0,734
6059,2932165.0,374.0,734
8789,233564845.0,162.0,734
3070,49601105.0,53.0,734
7539,9762480.0,818.0,734
4918,4184150.0,300.0,734
4258,384822300.0,5750.0,734
7127,4596580.0,711.0,734
3420,4912525.0,1562.0,734
3911,27725520.0,172.0,734
9835,1920900.0,509.0,734
9214,1783875.0,1294.0,734
4687,90673135.0,1045.0,734
1867,14544755.0,2729.0,734
4442,12831040.0,404.0,734
335A,17058875.0,329.0,366
3928,2239275.0,240.0,734
7022,22347955.0,364.0,734
7600,258084725.0,670.0,734
3696,214160190.0,2192.0,734
6840,264504380.0,810.0,734
1976,139005235.0,1713.0,734
4058,79571135.0,2357.0,734
5816,25842255.0,1440.0,734
8185,216464410.0,991.0,734
4576,28668030.0,69.0,734
1450,4122480.0,1495.0,734
9539,37679310.0,1366.0,734
9008,1692803396.0610962,780.4000244140625,734
2108,230557900.0,5230.0,734
2477,43188550.0,3380.0,734
1934,348439845.0,2642.0,734
281A,34575765.0,399.0,434
4651,69571185.0,251.0,734
2330,466836070.0,92.0,734
9331,579275.0,692.0,722
7180,1762365400.0,1678.0,734
7380,1112847260.0,2723.0,734
8255,220671185.0,1344.0,734
9250,802795.0,1047.0,734
9564,23862875.0,562.0,734
4754,1175765.0,1500.0,734
3690,6280795.0,574.0,734
6082,23505740.0,996.0,734
3157,3061830.0,1439.0,734
7992,2685750.0,103.0,734
3880,274747915.0,1024.0,734
9171,6653760.0,1499.0,734
4641,78753075.0,879.0,734
9279,650474320.0,2016.0,734
6262,25071890.0,527.0,734
5285,30740850.0,1343.0,734
6853,14119175.0,773.0,734
8630,14358776795.0,6891.0,734
3907,1505578925.0,2070.0,734
8012,1119947540.0,1171.5,734
7837,572500.0,354.0,734
298A,2912435.0,328.0,421
428A,44160300.0,1710.0,232
6291,37990920.0,1333.0,734
1820,687461290.0,5685.0,734
9218,17737990.0,790.0,734
2501,1974775977.5,1848.0,734
4015,12155595.0,521.0,734
4284,15471110.0,451.0,734
5918,873250.0,7900.0,734
6044,9564215.0,1890.0,734
5969,271995.0,1199.0,734
7879,4511715.0,676.0,734
542A,9377185.0,1036.0,116
5018,44486760.0,2399.0,734
2531,1259192925.0,2502.0,734
4425,422024520.0,1454.0,734
6507,1988322400.0,12760.0,734
2820,122482950.0,6500.0,734
5463,1228067292.5,1739.0,734
9347,294237205.0,2985.0,734
1780,39751765.0,1495.0,734
1893,3140767735.0,1582.0,734
8129,454193360.0,3979.0,734
1909,0.0,16280000512.0,730
8046,14888525.0,989.0,734
2892,20518375.0,4870.0,734
7416,1149205.0,685.0,734
7957,12114045.0,2569.0,734
6871,14668090950.0,13390.0,734
6643,22334550.0,5730.0,734
8098,539666925.0,4550.0,734
2378,46700785.0,1052.0,734
4591,74586145.0,80.0,734
2579,2622851155.0,3830.0,734
9622,47962105.0,1444.0,734
7072,5949540.0,1090.0,734
1434,80236830.0,1624.0,734
1801,9813135700.0,12620.0,734
6742,256049495.0,1106.0,734
4829,16891110.0,108.0,734
8551,369111300.0,8530.0,734
7550,5816748550.0,10450.0,734
9158,21267945.0,800.0,734
6330,21914629445.0,2908.0,734
8035,154718547250.0,53110.0,734
4386,3365695.0,898.0,734
4174,394263120.0,1002.0,734
6955,24461860.0,410.0,734
6045,84561995.0,2070.0,734
7079,5396620.0,2588.0,734
4839,65899185.0,1001.0,734
6317,199773445.0,2535.0,734
2872,7830670.0,1924.0,734
5013,137890950.0,3015.0,734
4387,7792790.0,591.0,734
3661,387246665.0,809.0,734
505A,40231180.0,1415.0,139
4433,42881020.0,860.0,734
2220,382224175.0,1318.0,734
442A,3940225.0,760.0,214
5981,176197990.0,1919.0,734
6467,1925145.0,347.0,734
5363,29802905.0,693.0,734
3556,41500485.0,809.0,734
6363,502268915.0,2918.0,734
2212,2463785245.0,3647.0,734
8898,4064490.0,1155.0,734
4884,49324820.0,487.0,734
4616,9837785.0,2471.0,734
3962,168258530.0,1006.0,734
2693,13120830.0,286.0,734
8614,434954800.0,708.0,734
6696,9685085.0,324.0,734
7294,67403290.0,874.0,734
1826,9465065.0,1073.0,734
8508,1416750860.0,771.0,734
2602,528373950.0,2107.0,734
4694,208735175.0,3670.0,734
1435,64407350.0,182.0,734
7033,135134360.0,1596.0,734
4922,1594588305.0,5738.0,734
8999,27141095.0,568.0,734
7272,11578707102.5,1821.0,734
5588,11670585.0,875.0,731
4674,381224895.0,1839.0,734
8600,520948625.0,1183.0,734
9843,11362992830.0,3030.0,734
7564,2621565100.0,5340.0,734
8563,62296070.0,1200.0,734
3659,10275005015.0,3200.0,734
4760,9209075.0,1210.0,734
6309,205344665.0,1987.0,734
8013,1740355.0,376.0,734
6151,25098545.0,1755.0,734
9259,6964925.0,858.0,734
5105,5981996035.0,3804.0,734
8700,6837640.0,2085.0,734
4464,15656850.0,4050.0,734
8016,621516300.0,722.0,734
4678,1326315.0,335.0,734
7173,1882374585.0,1697.0,734
6637,119150550.0,4380.0,734
8107,4612335.0,31.0,734
130A,5567035.0,434.0,639
9166,1115399920.0,690.0,734
4847,122432685.0,1530.0,734
253A,11887230.0,1038.0,734
9076,1000271300.0,2732.5,734
3232,207013665.0,610.0,734
4725,79395940.0,1914.0,734
2805,672033600.0,7930.0,734
7226,493231770.0,2312.0,734
5261,23578200.0,7680.0,734
6663,5010745.0,306.0,734
8704,128277865.0,1408.0,734
3405,2877044957.5,1763.0,734
2975,247397410.0,1422.0,734
3826,9555595.0,504.0,734
3823,265524690.0,42.0,734
3909,2110500.0,194.0,734
3903,194717600.0,197.0,734
4592,905024890.0,948.0,734
5702,479946075.0,1809.0,734
7725,132414545.0,1779.0,734
2587,4308404070.0,4513.0,734
7804,6261415.0,2405.0,734
7938,4898360.0,2126.0,734
6349,270358715.0,2000.0,734
4801,36466620.0,2416.0,734
9903,2654190.0,891.0,734
2485,15021050.0,451.0,734
6166,94962845.0,659.0,734
1720,340633510.0,1241.0,734
6269,5857810645.0,9255.0,734
2334,560726680.0,588.0,734
2923,29148150.0,7470.0,734
5563,236439615.0,439.0,734
8944,9820590.0,257.0,734
2784,959874500.0,2353.0,734
6184,99321325.0,614.0,734
7376,58323960.0,790.0,734
7514,7853365.0,852.0,734
6323,4747368325.0,3565.0,734
3195,39210680.0,458.0,734
9686,4837600.0,1729.0,734
6619,343817660.0,150.0,734
9856,50403805.0,1231.0,734
8002,22895774515.0,4976.0,734
9640,9082675.0,1989.0,734
1860,1216526542.5,1518.5,734
5491,32136895.0,911.0,734
5446,26118840.0,1088.0,734
2342,12252150.0,256.0,734
3374,106061175.0,4080.0,734
9081,55260550.0,4065.0,734
4985,234787100.0,4745.0,734
7363,21178165.0,1649.0,734
8337,440347660.0,2701.0,734
5589,9065370.0,2899.0,729
8938,1638455.0,319.0,734
3143,9394935.0,714.0,734
7322,901163265.0,2087.0,734
2370,10117180.0,25.0,734
6240,137670160.0,520.0,734
6337,134468525.0,3460.0,734
7794,392854200.0,996.0,734
2735,50006110.0,720.0,734
7987,25679170.0,570.0,734
6322,1970385.0,1602.0,734
6367,21968251300.0,20740.0,734
6524,1265608275.0,5020.0,734
8118,1268755.0,1171.0,734
6054,2791150.0,110.0,734
8018,28712540.0,863.0,734
2593,1600074215.0,3165.0,734
5819,6665660.0,1750.0,734
6436,931942210.0,3871.0,734
7776,34050530.0,229.0,734
6346,935150.0,5580.0,734
2980,600417630.0,2351.0,734
7515,897500.0,4585.0,734
8242,1054258557.5,2833.0,734
7366,190137905.0,1886.0,734
7069,10428470.0,499.0,734
7343,4891200.0,1330.0,734
9127,17154825.0,3760.0,734
1813,188320750.0,3055.0,734
7296,520950850.0,4200.0,734
4476,20552445.0,1085.0,734
7148,826092195.0,1727.0,734
6899,11153555.0,2296.0,734
6757,3294815.0,905.0,734
4008,246582910.0,1507.0,734
6208,636650225.0,1820.0,734
4565,1497245155.0,1299.0,734
4452,9469622540.0,3478.0,734
7980,20896480.0,877.0,734
2937,4156235.0,1766.0,734
4413,1228631835.0,2964.0,734
7972,405223850.0,2492.0,734
9213,4769415.0,1037.0,734
7962,19632555.0,802.0,734
479A,130903640.0,2255.0,180
4937,13831000.0,2398.0,734
4598,426365580.0,114.0,734
9364,1341246915.0,4872.0,734
3454,4449970.0,1253.0,734
6081,199194050.0,145.0,734
2305,94931150.0,1873.0,734
2676,32325045.0,2072.0,734
9313,1337545.0,1077.0,734
4301,46676480.0,1879.0,734
4845,14240760.0,350.0,734
7091,21250505.0,1300.0,734
5482,459303125.0,3230.0,734
9706,6892869125.0,5518.0,734
4286,46523185.0,1312.0,734
2910,67376510.0,1421.0,734
6339,176924645.0,1201.0,734
4073,28007570.0,549.0,734
6976,255257059055.0,9375.0,734
206A,17274675.0,169.0,542
5955,61422765.0,82.0,734
9973,13827280.0,20.0,734
3991,4875270.0,942.0,734
9716,386755340.0,1255.0,734
369A,26390730.0,2682.0,302
5032,2240943295.0,3110.0,734
8919,715203475.0,3535.0,734
7462,6132950.0,413.0,734
7119,48131675.0,2114.0,734
3138,2257470.0,1140.0,734
7122,7855415.0,2444.0,734
8309,15310457000.0,1768.5,734
4544,772356215.0,3623.0,734
1376,20337260.0,1603.0,734
262A,389694835.0,1741.0,469
4403,2371743227.5,2588.5,734
1852,353316325.0,908.0,734
7624,8794895.0,167.0,734
4341,1864150.0,906.0,734
5803,213031904500.0,4952.0,734
6820,55938150.0,3735.0,734
3698,8105320.0,1220.0,734
1972,33806260.0,1312.0,734
9969,1019235.0,236.0,734
1925,8444781540.0,4558.0,734
7183,7360545.0,255.0,734
1938,205088725.0,2615.0,734
3976,29549050.0,575.0,734
4777,4809930.0,199.0,734
7325,4392140.0,695.0,734
3955,3138195.0,865.0,734
3916,73691220.0,943.0,734
3682,3016990.0,584.0,734
9252,41473950.0,4160.0,734
2938,58438460.0,1302.0,728
3817,153755275.0,4775.0,734
5805,4124906300.0,13120.0,734
9993,5801190.0,1158.0,734
303A,1424960.0,567.0,421
9433,24472564957.5,3060.0,734
8929,100301205.0,1388.0,734
299A,281419225.0,1242.0,426
3708,109628210.0,2216.0,734
9345,817680.0,582.0,734
9974,194171900.0,7000.0,734
4022,1390525945.0,1832.0,734
9537,3527875.0,4305.0,734
6644,430658820.0,1485.0,734
6932,76570190.0,2595.0,734
7516,383629250.0,4600.0,734
5802,36158379412.5,2080.5,734
9557,21012135.0,249.0,734
7947,524995055.0,2840.0,734
3123,1972810.0,649.0,734
4615,2799600.0,130.0,734
8912,45917145.0,158.0,734
8153,660944175.0,3960.0,734
9780,8554725.0,1138.0,734
3802,777280.0,504.0,734
3762,529773770.0,2532.0,734
1853,6170415.0,326.0,734
5965,11915280.0,1210.0,734
4826,112576675.0,543.0,734
3236,21484850.0,283.0,734
4027,124496885.0,2360.0,734
6997,2403710105.0,2787.0,734
9005,3471428107.5,1662.5,734
7868,180633565.0,536.0,734
9162,6454005.0,232.0,734
6218,2748980.0,651.0,734
8032,275381200.0,1274.0,734
3560,24434075.0,5200.0,734
4997,408385450.0,1174.0,734
3853,216447715.0,1098.0,734
6652,351499300.0,3810.0,734
7181,3898789195.0,1799.5,734
6268,4222860285.0,4619.0,734
7551,8307290.0,700.0,734
4095,347203335.0,1780.0,734
3611,66133755.0,2384.0,734
4512,15168600.0,298.0,734
7435,29616800.0,1290.0,734
5302,289391325.0,5050.0,734
3375,893705.0,1814.0,734
6635,17172310.0,675.0,734
6265,7166050.0,3090.0,734
6678,20405570.0,2060.0,734
7871,5084550.0,1012.0,734
9996,1818800.0,2035.0,734
8056,2060554560.0,4750.0,734
278A,79223119950.0,19740.0,440
7218,4264450.0,1120.0,734
6209,332750350.0,3970.0,725
7818,256457280.0,1244.0,734
3418,15055785.0,1050.0,734
4316,123575230.0,68.0,734
7270,9733765705.0,2632.5,734
8897,386894830.0,455.0,734
2436,32114390.0,592.0,734
6728,3668451910.0,7289.0,734
2181,3057230699.484253,291.8999938964844,734
6302,4535783470.0,5978.0,734
8628,1282599750.0,1172.0,734
7447,176191810.0,1644.0,734
4633,333344090.0,2651.0,734
386A,4670615.0,1250.0,286
3352,2055155.0,1848.0,734
8007,83276385.0,806.0,734
6750,336987640.0,2029.0,734
6408,3235400.0,4250.0,734
7073,2283270.0,2282.0,734
9505,1120655790.2755737,1148.5,734
8887,21904175.0,358.0,734
6474,335751250.0,5420.0,734
9663,168231325.0,4910.0,734
1429,60464850.0,797.0,734
3710,1985445.0,641.0,734
6086,23936110.0,1044.0,734
8892,173524785.0,1113.0,734
4017,1084530.0,214.0,734
9955,4186005.0,2812.0,734
9698,2599475.0,1285.0,734
4237,16835635.0,334.0,734
4432,638217050.0,3320.0,734
4935,73039970.0,135.0,734
549A,30126725.0,487.0,113
8085,8201075.0,4330.0,734
8616,798816655.0,898.0,734
9896,42870830.0,1416.0,734
7036,1047400.0,668.0,734
9267,244972100.0,3470.0,734
3863,731343040.0,1326.0,734
3457,76163655.0,923.0,734
7735,22902762050.0,12805.0,734
4920,723870.0,1138.0,734
3843,68539240.0,1715.0,734
6537,5886585.0,293.0,734
4218,40338990.0,1943.0,734
6365,4128500.0,5580.0,734
4176,21808520.0,278.0,734
5535,52116495.0,291.0,725
7456,941823250.0,7340.0,734
4571,38884705.0,100.0,734
8795,6973072590.0,4952.0,734
3896,4805025.0,416.0,734
5029,35012265.0,966.0,734
6420,139609575.0,3490.0,734
3947,6432430.0,2475.0,734
8070,117541685.0,1022.0,734
7744,605512315.0,1993.0,734
7994,445963730.0,2335.0,734
9024,6437771670.0,3614.0,734
6613,5867694405.0,2085.0,734
7186,7348233475.0,1887.0,734
4397,16026820.0,397.0,734
1833,790636800.0,5770.0,734
5537,278021950.0,3690.0,686
2654,4665745.0,435.0,734
7034,10940320.0,318.0,734
9039,247418785.0,3020.0,734
9090,443005610.0,905.0,734
6376,1851024125.0,3415.0,734
208A,24189735.0,2910.0,734
5301,3814762795.0,2127.5,734
6548,18355355.0,124.0,734
3068,4656275.0,3060.0,734
3765,893069410.0,2530.0,734
7042,2509365.0,665.0,734
9929,1059930.0,475.0,734
6382,16206730.0,1232.0,734
2876,1244930.0,474.0,734
8871,159178975.0,3210.0,734
7162,38017620.0,289.0,734
3679,167667235.0,450.0,734
2269,4431031910.0,4356.0,734
145A,6657745.0,884.0,609
4335,1807510.0,1091.0,734
8281,148289260.0,1141.0,734
7731,2894381710.0,1746.0,734
9845,10732515.0,1369.0,734
8276,277576765.0,2692.0,734
7264,2117670.0,1354.0,734
5355,2924610.0,660.0,734
7555,559525.0,743.0,734
6419,182274350.0,3165.0,734
5010,45695710.0,293.0,734
7640,6544115.0,191.0,734
1870,285431295.0,2193.0,734
7350,860604200.0,7960.0,734
4488,20149015.0,2145.0,734
149A,4431895.0,806.0,608
6390,70643870.0,1330.0,734
6191,1255018485.0,1644.0,734
3974,2612015.0,657.0,734
3191,299616260.0,2261.0,734
9385,4653185.0,750.0,734
7244,83703960.0,565.0,734
1904,50055900.0,5160.0,734
6315,6741468620.0,2147.0,734
3299,174506955.0,1718.0,734
5599,12715040.0,1087.0,674
4057,1397785.0,348.0,734
7297,1749460.0,879.0,734
7061,48287515.0,495.0,734
4054,7880080.0,521.0,734
3045,2380175.0,1470.0,734
3988,2808670.0,564.0,734
4398,4321910.0,1332.0,734
331A,1986200.0,485.0,369
6074,1322325.0,514.0,734
2764,40214165.0,168.0,734
4832,28804455.0,1901.0,734
9720,611350.0,6440.0,734
4548,191104365.0,682.0,734
6301,20450922085.0,7012.0,734
3446,29898435.0,1529.0,734
6334,2873060.0,466.0,734
3109,41644685.0,1062.0,734
5162,3004345.0,802.0,734
6721,17272665.0,77.0,734
4771,41697245.0,2830.0,734
8698,1079254490.0,712.0,734
9799,4874140.0,942.0,734
6278,2683574600.0,13390.0,734
3913,7708660.0,1123.0,734
2702,3823258650.0,7860.0,734
8089,4022005.0,1986.0,734
8793,64914875.0,4235.0,734
8386,813988765.0,3140.0,734
3963,23067665.0,330.0,734
4238,168367715.0,1950.0,734
2053,121494250.0,2058.0,734
4575,158170415.0,757.0,734
6433,319898160.0,1331.0,734
2802,13589494120.0,4904.0,734
1939,230172325.0,2303.0,734
3529,39383235.0,1040.0,734
3065,4487570.0,1586.0,734
9501,21787004600.32715,549.7000122070312,734
7242,524581600.0,4750.0,734
3205,67710535.0,736.0,734
9274,317215950.0,1131.0,734
6135,1835952350.0,15190.0,734
3350,11134075330.0,243.0,734
6165,38863560.0,543.0,734
4375,126269860.0,683.0,734
8931,17088665.0,1314.0,734
9312,14166570.0,2876.0,734
7840,38872785.0,1313.0,734
9513,2064537815.0,4205.0,734
4047,1588426975.0,2343.0,734
3173,11242760.0,1400.0,734
7885,11574300.0,1138.0,734
9759,684946957.5,2912.0,734
6982,565670.0,578.0,734
8051,412469055.0,2019.0,734
5137,216606985.0,303.0,734
2612,414103990.0,2880.0,734
1811,12835550.0,7570.0,734
3131,253280000.0,7210.0,734
4376,6942590.0,173.0,734
7102,116067600.0,3630.0,734
2737,4284254000.0,36850.0,734
9986,5341795.0,2500.0,734
7352,23556560.0,322.0,734
3103,18565111240.0,1518.0,734
4657,2657555.0,456.0,734
6989,25674385.0,2348.0,734
4617,541692250.0,3535.0,734
3933,1785565.0,543.0,734
9369,110638735.0,2971.0,734
2666,10673580.0,190.0,734
7356,23271550.0,118.0,734
4192,48629165.0,328.0,734
3133,32975635.0,51.0,734
4980,4093846822.5,2998.5,734
9563,8214130.0,345.0,734
4011,142366800.0,2352.0,734
8227,2133134380.0,3185.0,734
5618,609475.0,292.0,671
286A,18918750.0,770.0,431
7932,64171850.0,11540.0,734
3891,848670500.0,6660.0,734
6496,20056950.0,5600.0,734
6469,153424715.0,2866.0,734
7937,36492355.0,2564.0,734
7187,68812605.0,1352.0,734
1798,2870535.0,1098.0,734
2379,553934760.0,1848.0,734
3965,6195095.0,889.0,734
3624,84671200.0,85.0,734
7808,4476945.0,2698.0,734
9087,2303805.0,2205.0,734
3041,2192095.0,402.0,734
9072,991993435.0,5124.0,734
9423,10160400.0,105.0,734
2918,255024435.0,2717.0,734
6763,43028420.0,2869.0,734
7774,85427115.0,848.0,734
3997,75843290.0,438.0,734
2597,12140765.0,1276.0,734
6800,543970425.0,4345.0,734
9046,19803300.0,2465.0,734
8746,138405620.0,108.0,734
5905,1473790.0,1361.0,734
2674,150374340.0,2595.0,734
6946,1256755100.0,7300.0,734
2588,14150150.0,3720.0,734
3166,3615035.0,1450.0,734
7963,5632580.0,1792.0,734
2586,55878575.0,64.0,734
8163,192394350.0,1519.0,734
4287,15368860.0,477.0,734
6522,3894440060.0,1400.0,734
6371,447017240.0,2718.0,734
3543,922666070.0,2882.0,734
4020,1147665.0,822.0,734
7860,133994375.0,1262.0,734
8061,422515090.0,3075.0,734
7060,5305910.0,585.0,734
3437,753350.0,2655.0,734
6224,38677635.0,1213.0,734
1787,1964850.0,5640.0,734
7327,2062374340.0,2664.0,734
7752,3184772805.0,1660.5,734
5283,3066700.0,3120.0,734
7634,1099500.0,5250.0,734
6062,122155490.0,1433.0,734
8358,2284686080.0,2824.0,734
9605,333803250.0,6050.0,734
2134,33514085.0,17.0,734
6246,9596275.0,1840.0,734
7506,1286985.0,1381.0,734
4722,1717757205.0,2425.0,734
3536,2446590.0,127.0,734
4290,431192815.0,708.0,734
6033,42473080.0,1785.0,734
2752,86888890.0,1166.0,734
584A,377824930.0,2478.0,62
5304,45476425.0,2510.0,734
6005,1150335680.0,3154.0,734
3512,17329025.0,1013.0,734
8914,65281245.0,879.0,734
3778,3132859300.0,3840.0,734
9470,195625265.0,1064.0,734
1946,361966145.0,2252.0,734
8041,14592050.0,4625.0,734
4380,6513930.0,699.0,734
4440,5305459860.0,2459.0,734
4368,2271942255.0,2977.0,734
4812,3704899775.0,2870.0,734
8058,37627158765.0,4947.0,734
3426,582340.0,1305.0,734
8015,15782689645.0,7463.0,734
9409,612771525.0,3130.0,734
4828,172276995.0,1411.0,734
4976,6547825.0,1540.0,734
175A,7365700.0,651.0,594
5707,1107917280.0,973.0,734
2393,21958600.0,4470.0,734
3161,4661805.0,673.0,734
6564,118912335.0,2000.0,734
4679,672800.0,265.0,734
9684,4121571572.5,2994.0,734
4577,92994935.0,1333.0,734
3003,3262461815.0,1740.0,734
9987,869999860.0,5268.0,734
1850,10482545.0,433.0,734
9508,4736861045.0,2128.5,734
3566,6080050.0,727.0,734
7494,9109375.0,240.0,734
9104,22743589895.0,7240.0,734
265A,54694080.0,762.0,463
9778,3257500.0,5580.0,734
3787,36109090.0,676.0,734
2385,6081800.0,218.0,734
9561,7722805.0,424.0,734
3495,1188330.0,2280.0,734
9204,26130045.0,425.0,734
4072,90414925.0,3240.0,734
3636,190035075.0,4930.0,734
5997,3014785.0,881.0,734
6994,142304110.0,1208.0,734
3371,95940820.0,2189.0,734
2695,864228125.0,1673.0,734
4644,32450640.0,1053.0,734
6702,25168079210.0,3979.0,734
1871,206581840.0,2181.0,734
7956,2026911555.0,2027.0,734
2408,2792620.0,819.0,734
6498,887545400.0,1973.0,734
2226,12941525.0,4895.0,734
8097,271973810.0,2478.0,734
7417,5470955.0,1909.0,734
2694,11748985.0,72.0,734
7018,418447100.0,13800.0,734
7715,372923450.0,4030.0,734
3185,65687020.0,118.0,734
1980,1347421285.0,2926.0,734
1770,11138915.0,2301.0,734
9502,9054580655.0,2913.0,734
2986,347603085.0,2955.0,734
3856,234417105.0,230.0,734
9360,2540305.0,2776.0,734
9245,10727230.0,1985.0,734
7874,71675050.0,980.0,734
3197,3070373190.0,3262.0,734
4623,4822355.0,1877.0,734
3537,3187420.0,1728.0,734
9739,83228450.0,2663.0,734
7504,344819650.0,4310.0,734
5078,1308550.0,4720.0,734
2152,1033380.0,1548.0,734
9824,538323900.0,8010.0,734
6402,5556950.0,1618.0,734
4183,4657235865.0,2186.0,734
6969,27263370.0,994.0,734
4199,22926585.0,806.0,734
2293,3104040.0,2652.0,734
9237,24229975.0,855.0,708
7453,10697188640.0,3945.0,734
9788,25214320.0,518.0,734
6836,5095395.0,823.0,734
4625,9452480.0,874.0,734
7068,22072590.0,616.0,734
5994,5869495.0,1000.0,734
4743,145267505.0,1673.0,734
5533,2579440.0,2166.0,734
8253,3085267975.0,4643.0,734
7695,10701605.0,946.0,734
7554,62386505.0,1182.0,734
3491,362262220.0,1345.0,734
4241,8916975.0,698.0,734
8039,7453775.0,3470.0,734
7966,7956347250.0,5610.0,734
9241,4740100.0,1270.0,734
6594,11343093975.0,2856.0,734
323A,14708635.0,375.0,387
7443,1607410.0,666.0,734
9355,1169065.0,2170.0,734
8203,42078560.0,754.0,734
7585,1080040.0,405.0,734
6503,29223515500.0,5126.0,734
5204,16663055.0,3070.0,734
1888,55012050.0,3695.0,734
3675,16403355.0,602.0,734
9041,2225137695.0,3547.0,734
4288,5060770.0,440.0,734
3672,5548575.0,29.0,734
4247,672115.0,1389.0,734
3441,222881440.0,1800.0,734
4421,2624500.0,950.0,734
2749,176904915.0,675.0,734
8473,13600762900.0,3272.0,734
6788,48281350.0,5040.0,734
9936,789243285.0,2950.0,734
7522,109259625.0,908.0,734
2173,7540675.0,737.0,734
9950,13842875.0,3350.0,734
2411,5886005.0,470.0,734
4811,16045735.0,900.0,707
4534,135878150.0,3300.0,734
4394,60475160.0,685.0,734
3053,41033540.0,201.0,734
7685,1091764490.0,3070.0,734
9413,219088825.0,3425.0,734
8174,705162110.0,3095.0,734
5035,910040.0,367.0,734
3088,4083460242.5,2529.0,734
9330,1393145.0,901.0,732
3779,2706305.0,121.0,734
2267,3043240020.0,2815.5,734
2819,28002365.0,2515.0,734
9818,3328080.0,1541.0,734
2804,29507415.0,1875.0,734
9699,309741700.0,4715.0,734
4019,29377650.0,628.0,734
8377,3079024965.0,8604.0,734
1997,10120800.0,4055.0,734
5247,1318800.0,550.0,734
7067,941170.0,1055.0,734
4361,5931690.0,1623.0,734
9412,3976470815.0,2094.0,734
7375,68042650.0,1325.0,734
2907,3102865.0,1550.0,734
190A,29223235.0,69.0,554
9978,2578245.0,44.0,734
8065,485486050.0,3090.0,734
6036,516981325.0,3570.0,734
2315,351977405.0,65.0,734
3549,1052196490.0,4000.0,734
8364,107945050.0,3130.0,734
2882,67624910.0,2011.0,734
6562,46478335.0,1001.0,734
6232,1818178145.0,1398.0,734
6551,9511490.0,620.0,734
8366,1744277475.0,2883.0,734
4463,31420790.0,1984.0,734
8237,1496680525.0,2249.0,734
5036,168371680.0,1593.0,734
6140,581466255.0,1114.0,734
5161,455580450.0,3545.0,734
6023,437232270.0,3415.0,734
5214,3191901385.0,4908.0,734
6247,105856080.0,1719.0,734
4594,95061490.0,61.0,734
247A,1285727095.0,996.0,483
7282,2456471080.0,5223.0,734
3139,83156350.0,3455.0,734
415A,8017600.0,5460.0,734
5258,26675820.0,438.0,734
4776,812437845.0,3085.0,734
3333,110100730.0,1312.0,734
4165,267813485.0,675.0,734
4180,2532766870.0,1516.0,734
6037,52606850.0,1090.0,734
4116,206614110.0,1325.0,734
5658,10795650.0,410.0,734
7486,1880735.0,786.0,734
3691,35279640.0,1900.0,734
7616,881888605.0,1996.0,734
2884,47140530.0,622.0,734
1736,9227120.0,2500.0,734
5233,1713021590.0,4172.0,734
6486,348444260.0,3015.0,734
7472,1829250.0,3860.0,734
9051,1408085.0,1261.0,734
478A,55701960.0,754.0,180
6928,126879965.0,2950.0,734
2489,91765460.0,411.0,734
4554,191359605.0,1857.0,734
6479,8592509710.0,3455.0,734
7606,476297345.0,2386.0,734
7374,16915945.0,1519.0,734
7749,8170555.0,2870.0,734
3569,479832350.0,3320.0,734
177A,1945485.0,834.0,587
3932,401226500.0,3825.0,734
3810,228011085.0,184.0,734
5851,356113685.0,2731.0,734
6378,187694740.0,1205.0,734
5136,144907910.0,2336.0,734
6844,274070390.0,3020.0,734
8622,389917715.0,937.0,734
8029,24853335.0,2699.0,734
9376,2914660.0,840.0,734
7235,34299835.0,1590.0,734
1882,588257365.0,1610.0,734
8706,291395240.0,1884.0,734
6177,34985070.0,83.0,734
7722,18592650.0,781.0,734
523A,251269265.0,1906.0,116
4031,16928410.0,1090.0,734
6586,3722100845.0,5284.0,734
8439,1773717010.0,2670.5,734
6137,38590210.0,1512.0,734
4746,355381950.0,7250.0,734
7271,43631290.0,802.0,734
4436,15874180.0,600.0,734
2340,18575285.0,540.0,734
3927,23213175.0,900.0,734
2778,5029560.0,113.0,734
4849,565110735.0,1731.0,734
402A,660745180.0,535.0,270
7177,278463070.0,1183.0,734
9327,2635980.0,191.0,734
2930,48972245.0,133.0,734
9220,4190320.0,1259.0,734
143A,812880.0,705.0,609
1717,9874265.0,940.0,734
3436,35038328280.0,3028.0,734
7795,11927460.0,218.0,734
3321,72218545.0,1824.0,734
4596,91668775.0,66.0,734
3190,1030970.0,584.0,734
7305,55841005.0,2809.0,734
5990,966110.0,1945.0,734
4538,26452940.0,2265.0,734
3864,165263735.0,1225.0,734
5244,37400755.0,174.0,734
4676,2194416090.0,4039.0,734
5753,8638675.0,2590.0,734
6457,934005410.0,4466.0,734
9902,192894750.0,3275.0,734
4373,1730441565.0,1162.0,734
7702,10593865.0,459.0,734
9342,1801330.0,965.0,734
5201,6688606385.0,5646.0,734
324A,11087365.0,727.0,386
6022,4983480.0,2911.0,734
9408,680520.0,2670.0,734
7080,15531805.0,900.0,734
6918,158681225.0,3755.0,734
5138,386355.0,452.0,734
4809,31446355.0,2026.0,734
8624,245074565.0,1686.0,734
2301,174017935.0,1777.0,734
8349,47406915.0,1674.0,734
6804,594707255.0,2529.0,734
4119,10924400.0,6110.0,734
6249,18314465.0,2822.0,734
7601,3867290.0,164.0,734
1921,26583055.0,2004.0,734
5480,330585250.0,5520.0,734
220A,2465885.0,957.0,522
4894,508947000.0,5820.0,734
5232,961972085.0,5763.0,734
3434,5266235.0,1247.0,734
6360,4907900.0,4815.0,734
9619,87365710.0,2742.0,734
3064,3303632447.5,1970.0,734
7217,3921195.0,435.0,734
6103,1814490775.0,4475.0,734
304A,949950.0,1997.0,421
7833,3575805.0,681.0,734
5034,30687745.0,2352.0,734
4112,97592770.0,2112.0,734
7821,212715145.0,1991.0,734
1799,51453225.0,3310.0,734
6196,658214365.0,1453.0,734
1941,402338750.0,5150.0,734
3793,68359680.0,568.0,734
7201,11595160032.668,312.29998779296875,734
6776,4522115.0,287.0,734
6888,3154325.0,499.0,734
9365,874175.0,1660.0,734
3176,508507155.0,1187.0,734
5331,635287250.0,3665.0,734
3796,8241655.0,334.0,734
9326,5958945.0,472.0,734
5943,201028240.0,2233.0,734
3461,4557015.0,627.0,734
3815,6503795.0,435.0,734
3201,131414880.0,1983.0,734
4977,36012150.0,1191.0,734
9887,331737350.0,5230.0,734
9319,35296700.0,1808.0,734
2961,3977755.0,1504.0,734
9446,2814540.0,691.0,734
9535,37563660.0,448.0,734
6189,9297585.0,1009.0,734
4502,22725027465.0,5968.0,734
3054,17321375.0,370.0,734
4970,832492650.0,9680.0,734
2395,220025700.0,1348.0,734
7211,3864284170.733185,368.6000061035156,734
3905,5018673010.0,1542.0,734
7414,63837610.0,1435.0,734
8370,713859450.0,5310.0,734
8946,6188510.0,74.0,734
8591,20512723940.0,6146.0,734
8303,4469360580.0,1637.0,202
7446,1619375.0,4470.0,734
7619,5463870.0,994.0,734
5189,5492800.0,3505.0,734
3028,171308900.0,2312.0,734
6250,555565450.0,4425.0,734
2934,8165080.0,2039.0,734
6981,150307662505.0,7763.0,734
2813,3981950.0,3875.0,734
5250,2224080.0,1126.0,734
9029,8481310.0,1817.0,734
8511,481130425.0,2507.0,734
9432,35535166013.586655,177.3000030517578,734
157A,9973460.0,768.0,606
3113,12853655.0,82.0,734
9201,5528393185.0,3065.0,734
7082,13240590.0,1406.0,734
9761,10041455.0,2479.0,734
4990,1989725.0,517.0,734
6150,3418525.0,2795.0,734
2060,147432725.0,1473.0,734
7277,7753955.0,337.0,734
6862,1225134300.0,5180.0,734
8077,2546335.0,210.0,734
7426,983865.0,593.0,734
4075,1009628060.0,1591.0,734
7745,214271145.0,2894.0,734
8306,139353730750.0,3620.0,734
5131,851070180.0,185.0,734
7039,17144725.0,1358.0,734
8282,1467786897.5,1861.5,734
3386,5365710.0,1244.0,734
3954,1434935.0,2999.0,734
137A,1469915.0,701.0,627
5356,5136610.0,1265.0,614
7461,1605815.0,478.0,734
156A,37657640.0,876.0,606
8166,3042230.0,79.0,734
9367,3143725.0,2028.0,734
6632,1277961133.4024048,998.9000244140624,734
8084,189313175.0,4805.0,734
6835,59941770.0,273.0,734
6740,412695620.0,49.0,734
4889,349429970.0,1193.0,734
9346,10362010.0,1869.0,734
2753,38778435.0,1403.0,734
9262,13417210.0,678.0,734
255A,248068550.0,5230.0,734
5401,24584326062.36023,695.0,734
7777,1142220060.0,448.0,734
6180,4056125.0,3710.0,734
7065,13947425.0,946.0,734
8537,112647335.0,3245.0,734
5757,41489975.0,4965.0,734
6554,11014870.0,1140.0,734
9509,2543086445.0,1125.0,734
5440,274770430.0,2017.0,734
6050,29085825.0,1814.0,734
8739,341582280.0,2671.0,734
4750,4599470.0,545.0,734
2303,19910345.0,1357.0,734
4645,539755.0,440.0,734
6907,15494210.0,775.0,734
6629,122835335.0,992.0,734
4014,18409485.0,453.0,734
4234,39209510.0,1022.0,734
4483,1058494925.0,3570.0,734
3416,1731645.0,883.0,734
7888,84563930.0,900.0,734
2211,62805595.0,2530.0,734
2288,288414380.0,2311.0,734
2109,208159525.0,3855.0,734
7279,265246820.0,2529.0,734
2425,1360070.0,663.0,734
5571,3614260.0,1023.0,734
3477,3444905.0,911.0,734
5254,54948450.0,4050.0,734
559A,15262000.0,1196.0,100
7413,1383420.0,2860.0,734
9867,1900000.0,10600.0,734
7238,366167415.0,108.0,734
5801,90040824005.0,3901.0,734
8595,651692187.5,2278.5,734
2055,6979500.0,346.0,734
3177,6417075.0,4570.0,734
421A,261869100.0,3780.0,234
3788,75269615.0,2017.0,734
5391,11990475.0,1505.0,734
1961,1083951625.0,2531.0,734
1815,344017275.0,4525.0,734
7679,91816230.0,1659.0,734
558A,158152400.0,5780.0,102
9766,9196128975.0,21055.0,734
7212,15719090.0,735.0,734
5332,5736189235.0,5718.0,734
4212,150107110.0,2988.0,734
2769,3626825.0,925.0,734
4046,620803195.0,2012.0,734
4362,53121550.0,2686.0,734
4242,3487640.0,1745.0,734
2388,3026985.0,31.0,734
7711,462240400.0,5160.0,734
3306,35768800.0,718.0,734
8359,3122196522.5,2697.0,734
7625,2368330.0,462.0,734
4481,222543300.0,3245.0,734
9028,55446175.0,3310.0,734
504A,66343735.0,550.0,142
3777,34097400.0,45.0,734
4975,594326350.0,5800.0,734
4658,229730760.0,1652.0,734
1514,246934250.0,639.0,734
2687,3849080.0,492.0,734
7701,3649406110.0,3928.0,734
3929,6590515.0,244.0,734
7063,43840890.0,62.0,734
5706,38009029100.0,22795.0,734
7915,290237055.0,1190.0,734
2932,9930015.0,1101.0,734
4979,69846305.0,2931.0,734
4299,6115650.0,1217.0,734
4396,115689675.0,1393.0,734
6779,2546164820.0,3220.0,734
7358,39432410.0,1806.0,734
4346,137082980.0,1040.0,734
6055,1203124020.0,2195.0,734
7694,95922270.0,550.0,734
3183,22573115.0,1273.0,734
5711,14599317840.0,5194.0,734
9869,212945000.0,6870.0,734
5870,7967325.0,898.0,668
5982,13864775.0,4110.0,734
9010,479006250.0,2640.0,734
6340,356020000.0,5460.0,734
4272,1162632540.0,2067.5,734
4714,133728795.0,213.0,734
5632,322610975.0,2561.0,734
4202,1280606247.5,1429.0,734
3803,10261770.0,590.0,734
6358,43200855.0,2173.0,734
5208,465448470.0,2668.0,734
4377,171544400.0,2376.0,734
9215,2329415.0,992.0,734
6775,83880970.0,129.0,734
9225,916100.0,974.0,734
4059,1125040.0,382.0,734
3837,130170290.0,1372.0,734
7538,1518140.0,385.0,734
8848,3123462760.0,1040.0,734
8334,3283273125.0,2999.5,734
9726,57323015.0,2016.0,734
5271,1873800.0,2227.0,487
4712,11334795.0,810.0,734
7040,621795.0,964.0,734
7044,4460235.0,522.0,734
8715,277104680.0,1050.0,734
3547,43259300.0,1947.0,734
3349,3038161510.0,6436.0,734
6393,5379375.0,3060.0,734
9059,2933270.0,921.0,734
5576,3272175.0,3010.0,734
8115,2376950.0,1321.0,734
6149,21917490.0,2185.0,734
4248,4235985.0,881.0,734
4053,48393845.0,485.0,734
6622,2053945650.0,12720.0,734
6919,14273345.0,1435.0,734
2183,5588455.0,205.0,734
8584,470325725.0,3675.0,734
5930,184018930.0,1917.0,734
7502,908070.0,1703.0,734
1944,4165438150.0,6929.0,734
6762,24363254802.5,2845.0,734
3633,56225010.0,2600.0,734
9110,1525016900.0,10510.0,734
8541,525678700.0,3390.0,734
7175,32812855.0,2182.0,734
1758,4552080.0,2480.0,734
6803,29398070.0,100.0,734
5273,109245860.0,2161.0,734
4966,1067421050.0,19480.0,734
3358,7288175.0,95.0,734
4613,2157000292.5,2836.5,734
9976,1363615.0,1142.0,734
9310,143652940.0,1423.0,734
9682,533813810.0,1111.0,734
4978,71987210.0,138.0,734
6535,171890490.0,500.0,734
8131,158980815.0,2472.0,734
7508,69618290.0,1450.0,734
6741,259555155.0,1808.0,734
9251,76340110.0,1630.0,734
2903,4186100.0,1608.0,734
2917,3117910.0,924.0,734
6167,55444420.0,992.0,734
6824,48285275.0,4020.0,734
3931,2004505.0,1496.0,734
7887,3835675.0,1550.0,734
6331,393983150.0,3370.0,734
7128,267495605.0,2849.0,734
4265,6181215.0,283.0,734
4088,3851350185.0,2953.0,734
6664,1788660.0,260.0,734
3395,253916670.0,2535.0,734
1419,489373065.0,2907.0,734
4486,4589195.0,685.0,734
3561,112282850.0,1488.0,734
1968,349955075.0,2558.0,734
1788,1426925.0,4070.0,734
1879,488311150.0,2317.0,734
7130,192300110.0,2809.0,734
3482,197187515.0,2577.0,734
9421,829540.0,521.0,734
7762,4264477170.0,2345.0,734
4434,110254485.0,2461.0,734
2790,16507520.0,2120.0,734
4912,2150117007.5,1725.5,734
5951,14680275.0,1133.0,734
215A,3599308790.0,1322.0,525
2198,19369925.0,774.0,734
2438,20156575.0,341.0,734
8088,1454897240.0,2124.5,734
1905,6930645.0,1446.0,734
5445,174764840.0,2060.0,734
3544,12140665.0,1249.0,734
7014,8102562875.0,5070.0,734
6228,23102775.0,541.0,734
7184,593936075.0,3535.0,734
4707,14439465.0,346.0,734
8005,436171220.0,1776.0,734
3137,5602975.0,215.0,734
4792,41469345.0,1784.0,734
5187,5678750.0,1157.0,734
8157,143058650.0,4290.0,734
4378,11004505.0,473.0,734
6424,1367630.0,889.0,734
9962,4528991205.0,3630.0,734
3865,173324335.0,918.0,734
4719,36862150.0,3275.0,734
5381,199386100.0,995.0,734
8079,179976975.0,4470.0,734
3861,2854585427.005005,875.7000122070312,734
8360,979213200.0,7390.0,734
7902,1959785.0,1095.0,734
9362,1646175.0,3760.0,734
9715,401107025.0,3630.0,734
7678,48961300.0,3840.0,734
1928,8037008820.0,3350.0,734
2613,192768690.0,2291.0,734
6327,685557690.0,3010.0,734
6141,4499858042.5,2819.5,734
7422,2349690.0,410.0,734
150A,239018355.0,823.0,609
6748,10604945.0,760.0,734
6787,9958228850.0,22140.0,734
6104,645502600.0,4540.0,734
4671,40714030.0,2905.0,734
2004,205736800.0,3945.0,734
9478,11846405.0,509.0,734
9533,1039944067.5,1300.5,734
9842,703189625.0,1898.0,734
8075,151726825.0,3175.0,734
3910,1180680.0,286.0,734
7989,90039610.0,2698.0,734
2652,74374565.0,435.0,734
8841,95938370.0,1025.0,734
8570,1030406272.5,1626.0,734
3135,9525015.0,1177.0,734
1375,40760150.0,1179.0,734
9467,136138470.0,1095.0,734
2908,68249840.0,1638.0,734
2180,0.0,1886167168.0,731
334A,5496855.0,1110.0,366
6630,99250365.0,781.0,734
6638,227993615.0,2092.0,734
4052,4266137350.0,985.0,734
6614,6661300.0,864.0,734
9610,146316580.0,110.0,734
5949,217197295.0,1321.0,734
5831,6328079405.0,3489.0,734
7214,5252005.0,1123.0,734
8023,9921490.0,1047.0,734
4958,230223725.0,3480.0,734
5845,37154650.0,1211.0,709
5988,123396695.0,1690.0,734
9418,1213095325.0,1760.0,734
3382,17998244650.0,2020.0,734
6383,8990790760.0,5449.0,734
5337,4355740.0,854.0,734
7318,143492810.0,1351.0,734
2667,71723600.0,108.0,734
9876,4159325.0,218.0,734
9037,189883495.0,1844.0,734
7981,316735750.0,3090.0,734
3979,6192205.0,475.0,734
6570,362201275.0,3500.0,734
268A,3946897690.0,1592.0,464
2491,55661055.0,475.0,734
8152,13685150.0,7120.0,734
5697,3862015.0,828.0,734
2811,851966800.0,2692.0,734
4060,8431305.0,1194.0,734
6615,14239960.0,240.0,734
3071,10208640.0,101.0,734
3377,3116445.0,388.0,734
3969,5519565.0,1403.0,734
9832,433997840.0,1605.0,734
4331,38793530.0,751.0,734
6099,56761265.0,734.0,734
462A,625686505.0,248.0,193
9763,12078030.0,1295.0,734
3317,1434005.0,1492.0,734
8159,142161075.0,4150.0,734
7236,421350405.0,1488.0,734
520A,346896015.0,401.0,122
4347,27758110.0,1831.0,734
2300,1142565.0,497.0,734
6395,437543225.0,1374.0,734
4124,4854215.0,2960.0,734
2353,529913300.0,272.0,734
6902,12576066147.5,1915.0,734
2224,7823950.0,3720.0,734
4662,63457135.0,1632.0,734
6266,764597400.0,3590.0,734
2351,2574510.0,331.0,734
5992,77506850.0,3735.0,734
6466,90775425.0,3955.0,734
9729,84645410.0,2532.0,734
3372,2748360.0,221.0,734
8125,339914130.0,1972.0,734
8697,7446807665.0,2235.5,734
7545,367165290.0,1961.0,734
8713,205865595.0,2814.0,734
2201,803747145.0,2480.5,734
6085,2335430040.0,124.0,734
5021,2878402875.0,4456.0,734
4188,7261536497.5,1189.0,734
4382,89078785.0,843.0,734
7979,147373845.0,2254.0,734
2991,18694480.0,527.0,734
7775,7267095.0,421.0,734
6448,5139815640.0,4631.0,734
6890,9163931400.0,9130.0,734
5984,2930710.0,782.0,734
2170,265845620.0,690.0,734
7037,10023535.0,795.0,734
7806,1402013450.0,8030.0,734
3851,367312190.0,1445.0,734
5031,281182150.0,384.0,734
3992,24263650.0,472.0,734
2321,221114480.0,142.0,734
1377,378459225.0,4410.0,734
3443,309013850.0,1397.0,734
4374,10835450.0,2503.0,734
5195,148847825.0,2454.0,734
1418,30240245.0,584.0,734
6819,4508000.0,478.0,734
9560,29459450.0,894.0,734
3723,35300800.0,2795.0,734
9722,1024436105.0,2813.0,734
7191,24348780.0,1214.0,734
2685,952576900.0,3130.0,734
2424,5019200.0,614.0,734
6523,1103481310.0,1358.0,734
1861,1132402005.0,1327.0,734
2345,13296295.0,100.0,734
9193,6085450.0,893.0,734
6158,3909865.0,1038.0,734
2788,40423290.0,416.0,734
471A,325571085.0,1555.0,186
8798,22370720.0,174.0,734
2461,57266055.0,376.0,734
7832,14557737350.0,5586.0,734
7326,45285995.0,2292.0,734
554A,23060635.0,1494.0,102
6417,2364195415.0,2071.0,734
3286,2752760.0,881.0,734
6877,152667850.0,5220.0,734
7384,470747000.0,5430.0,734
7490,7911000.0,2190.0,734
7094,157737885.0,1855.0,734
441A,12604365.0,271.0,215
2747,1159350.0,3140.0,734
9063,3287425.0,4150.0,734
3409,4765355.0,85.0,734
3844,314377295.0,1342.0,734
2789,684150.0,477.0,734
3951,15402935.0,909.0,734
7093,2495985.0,603.0,734
3001,84389200.0,3125.0,734
4996,472412240.0,680.0,734
4735,1462890.0,294.0,734
3291,1145623617.5,2219.5,734
3401,1058540237.5,1692.0,734
9644,49097285.0,758.0,734
6203,17655770415.0,2538.0,734
4228,149586340.0,619.0,734
5484,1737525.0,4445.0,734
173A,2622825.0,1564.0,597
2114,11482640.0,674.0,734
5380,7349975.0,1378.0,734
3148,209387700.0,3300.0,734
8247,5908170.0,333.0,734
7628,39813625.0,1163.0,734
9168,39365045.0,426.0,734
7646,14835820.0,1832.0,734
7004,1087052160.0,1176.0,734
5976,115445005.0,1481.0,734
1407,1236709670.0,2233.0,734
6882,42910740.0,1155.0,734
9930,2422505.0,402.0,734
6838,390328675.0,1404.0,734
7875,15644455.0,859.0,734
9344,19919060.0,1330.0,734
2698,74455800.0,3250.0,734
2978,1837870.0,325.0,734
7049,20014240.0,777.0,734
2186,12439915.0,896.0,734
4317,2822135.0,565.0,734
547A,760696375.0,439.0,734
6577,21034540.0,1367.0,734
3223,1617615.0,980.0,734
350A,532169330.0,719.0,346
4166,1910140.0,635.0,734
6328,146808815.0,2352.0,734
4427,4906875.0,218.0,734
3854,349648865.0,2163.0,734
8142,128897005.0,1388.0,734
3396,3804620.0,866.0,734
4578,14010119025.0,11120.0,734
8093,64187580.0,1813.0,734
3836,92034195.0,1223.0,734
3036,402468500.0,3380.0,734
6845,2077420570.0,1450.5,734
4320,299573360.0,1626.0,734
196A,58935000.0,310.0,549
1950,370132725.0,4125.0,734
9602,5378698035.0,1580.5,734
1873,32279530.0,312.0,734
1301,158085275.0,4690.0,734
2653,69857555.0,2817.0,734
8081,111772810.0,2607.0,734
6459,211457900.0,1662.0,734
9069,786218335.0,2367.5,734
8876,1296044705.0,2282.0,734
6694,9843085.0,817.0,734
3175,14350730.0,980.0,734
4069,5006345.0,661.0,734
4094,21452960.0,2293.0,734
556A,89695105.0,2553.0,101
4061,2132135455.0,3309.0,734
2469,34438430.0,2740.0,734
5714,4605532215.0,9095.0,734
9880,484209800.0,3465.0,734
8609,644137205.0,1261.0,734
302A,6138135.0,617.0,420
5695,1179900.0,2999.0,734
6961,1296939000.0,9840.0,734
1716,28599425.0,1375.0,734
9679,1688980.0,2296.0,734
5532,74878925.0,3490.0,734
2164,24486595.0,113.0,734
5341,3788045.0,139.0,734
4429,1643010.0,739.0,734
3370,5444830.0,475.0,734
6113,5638678120.0,2412.5,734
7077,2704715.0,994.0,734
1828,28899490.0,2445.0,734
6273,16947037050.0,66330.0,734
7953,3477020.0,405.0,734
4444,2026795.0,950.0,734
6464,121457945.0,340.0,734
8150,160516950.0,3300.0,734
6517,185725800.0,4070.0,734
6325,1987775.0,417.0,734
5929,2091584680.0,3457.0,734
6070,81668630.0,2530.0,734
6030,23855215.0,1790.0,734
3918,13082185.0,1182.0,734
5287,101913805.0,944.0,734
3607,9450000.0,368.0,734
5821,138750050.0,3195.0,734
7133,4797290.0,1330.0,734
3970,2512050.0,830.0,734
7314,1992580.0,1300.0,734
9904,5485785.0,243.0,734
2222,1643755125.0,2597.0,734
7781,15278115.0,886.0,734
7883,1318815.0,401.0,734
4259,1091530390.0,955.0,734
8699,56500195.0,1134.0,734
4664,97698515.0,1157.0,734
9233,12273425.0,1147.0,734
9941,29112725.0,1173.0,734
7590,16186600.0,394.0,734
8194,610296475.0,2693.0,734
4026,116626230.0,1547.0,734
2981,8482290.0,2320.0,734
5216,19705550.0,140.0,734
4428,1826975.0,717.0,734
6237,310171625.0,3925.0,734
3558,156171915.0,1890.0,734
5194,2602055.0,637.0,734
7841,14674000.0,1086.0,734
2664,297359900.0,3720.0,734
9504,2448435588.92334,1083.5,734
7111,4571995.0,520.0,734
5957,56497005.0,774.0,734
3967,11727375.0,575.0,734
7357,14903525.0,1701.0,734
9306,9345260.0,2029.0,734
1783,246674695.0,71.0,734
9782,117228025.0,3475.0,734
6960,682130650.0,12070.0,734
3315,764978675.0,99.0,734
4448,37274395.0,357.0,734
5967,9581515.0,444.0,734
3551,28897980.0,1578.0,734
7066,10565360.0,459.0,734
5280,20001765.0,2249.0,734
7946,9821675.0,367.0,734
2904,2794680.0,755.0,734
6848,4474385.0,867.0,734
4611,112680220.0,1568.0,734
4919,602811225.0,3240.0,734
477A,30221265.0,865.0,182
9565,1324945.0,649.0,734
6473,2662115800.0,2083.0,734
9017,1386510.0,1992.0,734
9074,11925525.0,4925.0,734
3076,310727875.0,3010.0,734
1808,2444633440.0,2733.0,734
6915,31390625.0,3465.0,734
4334,6292880.0,382.0,734
8769,14056895.0,535.0,734
4680,2819077430.0,1182.5,734
8074,231401750.0,6400.0,734
8361,1349288900.0,8440.0,734
5351,184683895.0,2060.0,734
6147,9833210.0,181.0,734
8550,612643965.0,1129.0,734
6986,413318200.0,803.0,734
3024,2233500.0,1195.0,734
5986,9222060.0,261.0,734
9301,1348181615.0,1537.0,734
3447,24416530.0,1020.0,734
7525,48291300.0,3585.0,734
8869,42967100.0,811.0,734
4068,1995365.0,1794.0,734
4351,3291030.0,831.0,734
8747,18927035.0,2345.0,734
4620,117246345.0,1015.0,734
6298,166957315.0,1265.0,734
7064,7778990.0,1048.0,734
6841,4985033420.0,4652.0,734
7544,2498840.0,560.0,734
9982,8546240.0,2710.0,734
3840,9681350.0,62.0,734
3984,150797490.0,1567.0,734
6561,7468675.0,814.0,734
3423,2443265.0,272.0,734
3075,25535930.0,1729.0,734
8894,13010420.0,17.0,734
3945,5818180.0,2175.0,734
6156,19462180.0,1844.0,734
4716,2089001770.0,9306.0,734
7918,3926045.0,107.0,734
2428,25031835.0,623.0,734
4597,1938588385.0,31.0,734
4220,321362690.0,2363.0,734
3010,21264615.0,189.0,734
3657,90536930.0,388.0,734
7561,10610060.0,713.0,734
9687,14573800.0,4605.0,734
352A,2249220.0,541.0,344
4814,30366165.0,165.0,734
6458,358556810.0,1241.0,734
7810,374264470.0,151.0,734
3415,118042430.0,351.0,734
9960,346617150.0,4395.0,734
7524,3364475.0,174.0,734
460A,43330195.0,1305.0,197
5838,6564676485.0,6175.0,734
3925,54048030.0,1312.0,734
9701,3208250.0,4545.0,734
475A,11664265.0,705.0,183
9428,1813195.0,1472.0,734
2585,896074790.0,1341.0,734
6786,1668245.0,48.0,734
5942,17297875.0,641.0,734
2831,4495700.0,3685.0,734
4097,59730125.0,1233.0,734
3080,2390325.0,817.0,734
8617,5365695.0,621.0,734
3193,233049970.0,1323.0,734
1766,246385450.0,13300.0,734
6226,281124880.0,2274.0,734
4366,33296405.0,465.0,734
4439,5516150.0,805.0,734
4893,20549965.0,137.0,734
4595,123786815.0,1745.0,734
7389,1924911255.0,1977.0,734
6357,125804055.0,2773.0,734
6463,203670335.0,1583.0,734
4475,1157806690.0,1795.0,734
7373,74373575.0,912.0,734
6485,43986545.0,1662.0,734
7692,20217200.0,77.0,734
4100,84105995.0,1745.0,734
4765,184529370.0,628.0,734
6018,4721950.0,5940.0,734
7906,1008565155.0,2349.0,734
7513,492094350.0,1457.0,734
3097,878716650.0,5330.0,734
4539,5970930.0,1544.0,734
9405,66987620.0,884.0,734
8908,4047655.0,888.0,734
8585,362126440.0,855.0,734
5423,602817575.0,1776.0,734
5597,96897700.0,1406.0,677
4599,168904475.0,177.0,734
6942,6634095.0,1443.0,734
8416,39239535.0,1137.0,734
3656,350488775.0,185.0,734
9908,60998955.0,2950.0,734
7046,2527985.0,1320.0,734
8127,9109295.0,515.0,734
4932,17010645.0,829.0,734
3399,443044625.0,3840.0,734
3167,537399860.0,1387.0,734
4177,2882105.0,1471.0,734
6544,960927947.5,1530.5,734
3626,3530845735.0,4083.0,734
2780,536979650.0,4465.0,734
8772,5158395.0,896.0,734
6258,1008081750.0,3790.0,734
3627,4395210.0,264.0,734
3156,578170225.0,5890.0,734
7532,13460099586.195068,713.0,734
4768,4133519675.0,3646.0,734
6771,5302525.0,653.0,734
4256,10295010.0,1133.0,734
2146,1162439320.0,241.0,734
6579,786960.0,351.0,734
6823,124973200.0,3260.0,734
4523,5521293105.0,4930.0,734
5932,41215895.0,659.0,734
6182,11934545.0,522.0,734
378A,67923070.0,916.0,296
4629,17021160.0,2518.0,734
3816,1359175.0,1102.0,734
4570,181322030.0,1186.0,734
3302,164008575.0,3130.0,734
3680,8469280.0,202.0,734
7463,29929750.0,990.0,734
9828,228565625.0,3405.0,734
8877,140575450.0,5240.0,734
7614,5115620.0,1542.0,734
8338,1279389170.0,739.0,734
3196,113315815.0,1666.0,734
3440,24067800.0,865.0,734
4381,83126790.0,210.0,734
1383,3527570.0,3065.0,734
7939,578300.0,603.0,734
3058,473030.0,719.0,734
6497,11501440.0,1406.0,734
5619,709605.0,834.0,670
6837,10204770.0,382.0,734
5950,2113705.0,151.0,734
4118,1286140825.0,6061.0,734
2742,199246625.0,3965.0,734
4627,29153820.0,1941.0,734
3750,6420830.0,845.0,734
3038,6981167772.5,3037.0,734
2475,26975500.0,1783.0,734
2307,35793435.0,1078.0,734
2156,2120475.0,282.0,734
2112,16109415.0,463.0,734
9534,280422265.0,948.0,734
4350,53816340.0,520.0,734
7425,24562595.0,1100.0,734
8198,115750000.0,3335.0,734
6977,3230615.0,1575.0,734
4934,6270035.0,592.0,734
7021,2076200.0,2332.0,734
2404,26507705.0,534.0,734
2768,6740759635.0,5872.0,734
3521,2910235.0,158.0,734
6505,81773175.0,2437.0,734
4684,9769907155.0,5100.0,734
4203,5857322325.0,7786.0,734
3776,30720320.0,249.0,734
7041,1918250.0,340.0,734
4685,52180600.0,2715.0,734
6651,274539200.0,4475.0,734
7481,5336860.0,2567.0,734
5028,3450345.0,357.0,734
2270,539133100.0,3750.0,734
8066,101782350.0,3600.0,734
3562,36479995.0,1583.0,734
194A,155763910.0,1694.0,550
9445,965695.0,552.0,734
2153,99982040.0,1891.0,734
9503,13090753370.0,2905.5,734
9723,1198905.0,633.0,734
9743,503710455.0,1467.0,734
8864,68325850.0,973.0,734
6493,31907815.0,488.0,734
8707,550974925.0,4740.0,734
9466,4388815.0,241.0,734
7081,5000370.0,1284.0,734
2984,4089650.0,783.0,734
4668,114527260.0,765.0,734
8518,10309565.0,155.0,734
6343,5928810.0,146.0,734
9651,26032520.0,1928.0,734
3169,3363455.0,678.0,734
2668,1466350.0,1274.0,734
4056,301705985.0,204.0,734
6413,111036140.0,1046.0,734
429A,2338064375.0,3770.0,227
6964,3139600.0,686.0,734
9042,3505542990.0,4612.0,734
4401,1199085095.0,4572.0,734
6061,17228300.0,3165.0,734
6267,2804950.0,4100.0,734
7466,50091840.0,1466.0,734
3559,3208490.0,455.0,734
6677,281516850.0,3225.0,734
4665,441348100.0,4732.0,734
3640,22436125.0,2845.0,734
7813,2606300.0,900.0,734
4584,54080270.0,163.0,734
4642,1720130.0,1403.0,734
1982,284567960.0,3220.0,734
8742,4055155.0,615.0,734
5962,1603425.0,2076.0,734
6380,62818300.0,3685.0,734
5288,267663295.0,1477.0,734
3766,4006270.0,1525.0,734
285A,1589741357150.0,54570.0,427
1380,913795.0,998.0,734
3069,15234620.0,166.0,734
4667,3403652615.0,3410.0,734
8233,4233480525.0,2117.0,734
2326,553136125.0,4945.0,734
3943,3211205.0,1335.0,734
7807,1327725.0,852.0,734
6675,69797775.0,2224.0,734
9556,221623755.0,2392.0,734
7670,6033615.0,1216.0,734
4262,5075260.0,1392.0,734
7138,326396435.0,143.0,734
6676,174336125.0,3475.0,734
9073,558000.0,1260.0,734
8381,896755255.0,2600.0,734
5541,590235850.0,2667.0,734
7729,5343902700.0,17325.0,734
6342,2543210.0,2910.0,734
6080,376509200.0,4295.0,734
9068,168601800.0,7480.0,734
500A,33909475.0,3605.0,148
1795,1863050.0,5630.0,734
8860,43184135.0,746.0,734
6988,8916990410.0,3382.0,734
6471,2533040987.5,1082.0,734
3035,11270475.0,766.0,734
3042,5140325.0,309.0,734
9248,48689400.0,1685.0,734
7203,72895874882.5,3025.0,734
9889,300077495.0,1702.0,734
6428,3245885.0,326.0,734
5139,10872535.0,905.0,734
4168,43322160.0,804.0,734
5989,184206830.0,1503.0,734
2795,460895.0,956.0,734
5888,9878445.0,2751.0,700
8399,459276150.0,3325.0,734
7897,13663785.0,107.0,734
4951,40394765.0,1530.0,734
5572,267989960.0,3120.0,734
3099,7331203085.0,3296.0,734
8801,13460568192.5,1485.0,734
6875,992251500.0,10930.0,734
4956,96327195.0,1509.0,734
3489,38187635.0,788.0,734
6094,14331895.0,529.0,734
7239,194569770.0,2376.0,734
7578,9952755.0,76.0,734
4890,12541345.0,264.0,734
5279,2964400.0,1196.0,734
4885,5710210.0,870.0,734
3288,2305660770.0,7587.0,734
9332,79297730.0,678.0,734
1952,421664325.0,3240.0,734
8395,309800050.0,6780.0,734
9827,9936850.0,634.0,734
5253,2152038850.0,1603.0,734
3221,87494850.0,3210.0,734
1822,156546640.0,831.0,734
2760,467793000.0,4240.0,734
7649,3114152932.5,1235.5,734
4410,63573635.0,1125.0,734
9425,428289610.0,229.0,734
4519,14958166140.0,6746.0,734
8596,34799895.0,1571.0,734
9419,3294715.0,301.0,734
6809,137197465.0,1762.0,734
1840,5752685.0,251.0,734
5911,267199635.0,3015.0,734
9343,50215085.0,800.0,734
5256,16225275.0,3040.0,734
4914,209860995.0,1331.0,734
9242,3864295.0,1977.0,734
3583,1182795.0,1368.0,734
2185,3509105.0,2009.0,734
9514,32251650.0,361.0,734
8418,1698578300.0,3443.0,734
4025,140889800.0,5860.0,734
4784,1110166195.0,540.0,734
2922,29627835.0,1992.0,734
6572,59583320.0,272.0,734
277A,250897205.0,1845.0,440
3842,7241150.0,1275.0,734
4705,561725.0,781.0,734
9601,703449750.0,10900.0,734
8022,939437400.0,4025.0,734
3625,5896080.0,683.0,734
3908,1581010.0,365.0,734
5834,126103685.0,2836.0,734
4114,2307452060.0,2577.5,734
5252,15130840.0,1019.0,734
9636,7278350.0,4200.0,734
8254,76807650.0,297.0,734
6248,1561315.0,1793.0,734
5282,27778325.0,405.0,734
6518,18825975.0,1693.0,734
6555,383715.0,429.0,734
8803,410449265.0,2380.0,734
7769,73429550.0,3835.0,734
151A,6194610.0,630.0,608
4422,106585320.0,496.0,734
300A,41306000.0,3160.0,422
2911,1600240.0,2282.0,734
7261,7856810137.5,1157.0,734
4343,243831515.0,2733.0,734
5108,13523501835.0,3730.0,734
8137,190288025.0,4640.0,734
6573,20167705.0,26.0,734
2193,29038730.0,131.0,734
6506,15880926795.0,4383.0,734
2002,1860560692.5,1998.0,734
3958,7172610.0,544.0,731
8252,3217715512.5,2882.5,734
8091,19723995.0,2414.0,734
6963,14031809170.0,4648.0,734
5923,2357190.0,1197.0,734
5368,6977465.0,1005.0,734
1438,5913680.0,2330.0,734
7805,16796955.0,717.0,734
7571,26204815.0,84.0,734
6294,43719045.0,1954.0,734
3676,331228330.0,1057.0,734
6743,19740500.0,1055.0,734
7943,174303590.0,3060.0,734
6171,7740105.0,371.0,734
7192,47561665.0,712.0,734
6633,1658040.0,315.0,734
7570,12573505.0,1414.0,734
7280,263302385.0,1383.0,734
2806,2807610.0,1917.0,734
3486,101101820.0,2025.0,734
9034,10630780.0,1662.0,734
246A,9103410.0,1067.0,484
7686,9939155.0,443.0,734
7347,7612930.0,806.0,734
8365,14018260.0,2392.0,734
8542,48619890.0,1915.0,734
4482,5834375.0,745.0,734
480A,21550235.0,950.0,179
8343,1316991000.0,9880.0,734
6849,1264572207.5,1586.5,734
7292,28201150.0,6920.0,734
3660,592207365.0,510.0,734
6807,572748210.0,2523.0,734
4892,48458040.0,696.0,734
3266,3431545.0,79.0,734
3771,173910505.0,1935.0,734
3598,2305445.0,165.0,734
9768,45215125.0,3735.0,734
3276,526235970.0,2269.0,734
3983,100854280.0,1903.0,734
6490,886612400.0,9440.0,734
4736,1265815.0,584.0,734
5902,58632865.0,2737.0,734
4883,123435480.0,33.0,734
3946,421201775.0,4430.0,734
5616,1566405.0,635.0,673
7120,9607810.0,998.0,734
2266,112864990.0,1114.0,734
4274,263485610.0,1163.0,734
4055,61556075.0,1675.0,734
6368,3170850775.0,12395.0,734
7433,434978350.0,5470.0,734
6971,15519321420.0,3637.0,734
463A,14105835.0,1015.0,734
6238,147266750.0,1479.0,734
6612,2281385.0,580.0,734
3563,14187474380.0,4938.0,734
8354,4899611375.0,7746.0,734
4661,14152850905.0,3035.0,734
6047,38725750.0,387.0,734
7531,267140.0,1329.0,734
5940,8715565.0,748.0,734
6239,6665800.0,1430.0,734
5125,2045210.0,492.0,734
5133,14803090.0,295.0,734
9212,23506865.0,282.0,734
8244,140053670.0,1909.0,734
5820,42134475.0,897.0,734
7911,7567964540.0,4659.0,734
3647,42488865.0,117.0,734
2533,65118750.0,484.0,734
8304,4499078840.0,3486.0,734
9001,2106960725.0,2960.0,734
7971,54212120.0,698.0,734
9271,11259700.0,924.0,734
4175,17622765.0,3025.0,734
6494,16687780.0,101.0,734
6384,16239630.0,1717.0,734
5970,220910435.0,2276.0,734
4076,3377010.0,1985.0,734
7916,2973355.0,1920.0,734
3839,2327490.0,624.0,734
8766,44277681625.0,8200.0,734
211A,13195300.0,3290.0,531
9511,315564955.0,1225.0,734
9044,1157016850.0,3177.0,734
9381,63833465.0,2363.0,734
5542,75026945.0,1236.0,734
5444,2007488050.0,12545.0,734
2327,1107991115.0,3757.0,734
9265,9132250.0,3655.0,734
8316,79947715590.0,6830.0,734
6198,1518905.0,197.0,734
4221,182714100.0,5740.0,734
4310,36119060.0,2569.0,734
4496,4054605.0,775.0,734
6584,280500390.0,779.0,734
8105,130796720.0,77.0,734
6724,4331464360.0,3144.0,734
6617,558895100.0,6970.0,734
2286,42397200.0,906.0,734
5956,2731320.0,579.0,734
1384,25356565.0,2145.0,734
5832,1243737065.0,3652.0,734
5891,7492080.0,1688.0,674
9273,34381335.0,757.0,734
192A,2689460.0,1282.0,552
2373,7354435.0,446.0,734
3850,166083100.0,3945.0,734
6699,37369500.0,494.0,734
6465,1700196885.0,5328.0,734
2454,2453730.0,348.0,734
9119,497125965.0,1753.0,734
6440,285491675.0,763.0,734
6481,6314694290.0,6272.0,734
2705,223088350.0,8850.0,734
2901,18187765.0,148.0,734
2209,47619465.0,2359.0,734
4404,40220280.0,2257.0,734
1885,931441545.0,2189.0,734
2317,413932295.0,440.0,734
8230,4050115.0,307.0,734
2492,2328862090.0,713.0,734
9517,141548650.0,854.0,734
6925,1399012140.0,3670.0,734
3513,14127375.0,3825.0,734
6387,1103281100.0,7790.0,734
6855,3302429100.0,7190.0,734
5027,276526860.0,790.0,734
8387,796366125.0,4440.0,734
3048,1684160692.5,1723.0,734
9143,2161453620.0,1494.0,734
2217,43365930.0,1491.0,734
7856,225179440.0,2038.0,734
4762,8678220.0,2321.0,734
9366,11440665.0,1321.0,734
8388,1513973450.0,10380.0,734
7965,155081230.0,1458.0,734
4495,15469335.0,2061.0,734
3768,1611410.0,561.0,734
6701,28624810855.0,4812.0,734
2229,722034015.0,3027.0,734
5334,9554632930.0,7218.0,734
3665,73090005.0,415.0,734
3800,3835120.0,1978.0,734
287A,432497625.0,1142.0,428
7476,311238570.0,2550.0,734
4718,92479765.0,2533.0,734
3683,17744940.0,1093.0,734
485A,19664911335.0,2404.0,183
3892,3463805.0,1589.0,734
3105,1710897272.5,2435.5,734
2221,9226375.0,3050.0,734
1414,1327251385.0,1259.0,734
5237,4658355.0,1212.0,734
4588,10809286475.0,6770.0,734
2503,8072044467.5,2848.5,734
3667,10770010.0,27.0,734
3524,3259350.0,1480.0,734
5587,16201510.0,802.0,734
6668,349892300.0,4160.0,734
2721,7014610.0,103.0,734
8078,925941330.0,1912.0,734
7353,6301130.0,507.0,734
7527,60656185.0,50.0,734
6578,4164230.0,464.0,734
276A,100748075.0,4315.0,441
9647,3342250.0,6750.0,734
7713,55988945.0,2476.0,734
7378,26688630.0,1571.0,734
4569,313739845.0,1128.0,734
9632,61574150.0,3525.0,734
6894,1826710.0,2161.0,734
1878,4529378360.0,3352.0,734
6146,76156561050.0,52420.0,734
6276,35775650.0,360.0,734
7917,146137900.0,1240.0,734
4045,479193235.0,1807.0,734
3597,16746350.0,9010.0,734
9363,4681065.0,539.0,734
2730,587911830.0,2516.0,734
519A,3671480.0,491.0,122
3671,3569130.0,307.0,734
3422,22485770.0,606.0,734
6255,123644090.0,676.0,734
6145,244333725.0,2607.0,734
6369,190706660.0,2414.0,734
8308,22712819667.5,2451.5,734
4178,6895695.0,553.0,734
2121,1358989100.0,3810.0,734
7811,67617905.0,2282.0,734
3548,106295405.0,670.0,734
4231,15683785.0,1030.0,734
7849,6053240.0,3020.0,734
7224,288402750.0,1960.0,734
4880,24015115.0,323.0,734
9115,165680960.0,1090.0,734
7721,1887226250.0,7400.0,734
135A,357297075.0,4710.0,630
7800,7163475.0,988.0,734
7689,58502135.0,513.0,734
6659,196755030.0,47.0,734
4994,53496680.0,2767.0,734
7970,228667260.0,2275.0,734
9823,69070680.0,1008.0,734
4098,3664305.0,991.0,734
4245,8505755.0,714.0,734
6817,197321955.0,1234.0,734
9551,304554525.0,3080.0,734
9984,357478740420.0,6315.0,734
6364,141859935.0,2591.0,734
3134,18662395.0,297.0,734
330A,13090245.0,550.0,370
5019,8191096637.5,1651.0,734
8362,812590000.0,8080.0,734
9506,5877082582.5,1377.0,734
9552,411313505.0,1033.0,734
5268,8249935.0,844.0,734
7038,8775815.0,584.0,734
9702,45572140.0,2432.0,734
3101,817774430.0,1648.0,734
2325,110129550.0,4545.0,734
7974,68878022825.0,8339.0,734
3968,166760135.0,660.0,734
5889,457110845.0,2247.0,694
5952,3831295.0,190.0,734
6087,7787375.0,3555.0,734
6445,43428970.0,1352.0,734
8804,2622711450.0,3236.0,734
7863,775050.0,932.0,734
3600,261545.0,1750.0,734
7182,17653465420.0,3264.0,734
3355,47265530.0,1838.0,734
7131,16129625.0,3765.0,734
3192,6764735.0,261.0,734
7035,23451360.0,218.0,734
2970,6156925.0,1115.0,734
4307,11467907085.0,5156.0,734
9558,9554735.0,1969.0,734
7372,2319435.0,399.0,734
6993,144684505.0,90.0,734
9270,111167465.0,1973.0,734
1812,10025121975.0,4979.0,734
9417,1673145.0,327.0,734
3798,111113915.0,565.0,734
6874,8702035.0,2362.0,734
3449,519199775.0,4460.0,734
3628,7228470.0,715.0,734
2139,1141465.0,519.0,734
7087,6582600.0,1422.0,734
8225,1006300.0,3650.0,734
2993,1951705.0,2248.0,734
6620,28380900.0,674.0,734
7361,4913300.0,1205.0,734
1379,184079115.0,2136.0,734
8918,3420237315.0,10.0,734
6257,22455120.0,1016.0,734
5240,114207800.0,181.0,734
5729,31847285.0,1695.0,734
4624,8431925.0,3980.0,734
7129,2108330.0,1170.0,734
3241,2465220.0,587.0,734
2323,20001295.0,356.0,734
4275,413458490.0,2056.0,734
3686,10809075.0,60.0,734
3774,1817521950.0,3430.0,734
7114,1559365.0,819.0,734
9990,37402290.0,759.0,734
8836,1135110.0,27.0,734
6908,311615620.0,2830.0,734
6920,106875082300.0,39090.0,734
5464,20785740.0,940.0,734
8207,8597170.0,301.0,734
4240,1832445.0,310.0,734
3848,1658960.0,825.0,734
2924,4026970.0,1920.0,734
1981,3666960.0,1331.0,734
7836,4826920.0,74.0,734
9475,1408270.0,546.0,734
2264,2017434642.5,1142.0,734
9254,1571555.0,1087.0,734
2296,559904275.0,4975.0,734
9757,305345670.0,1193.0,734
9435,2642415150.0,38540.0,734
7859,31390330.0,281.0,734
2762,11509005.0,71.0,734
3941,1322759342.5,1538.0,734
8393,706534290.0,2782.0,734
4751,5873763202.5,1260.0,734
2493,2463830.0,956.0,734
7267,23622112235.0,1689.0,734
6186,787725.0,377.0,734
3267,9602490.0,625.0,734
4619,78954835.0,2696.0,734
2480,2481040.0,1879.0,734
7112,5064880.0,596.0,734
7872,1663970.0,617.0,734
4392,4098626945.0,982.0,734
3804,2610920.0,446.0,734
2801,6095230655.0,1655.0,734
3452,72772010.0,1471.0,734
2734,169923280.0,1241.0,734
3550,2470240.0,217.0,734
3791,65290415.0,1050.0,734
9639,17369600.0,2380.0,734
2329,46560450.0,504.0,734
2433,1163151387.5,1295.5,734
4881,11160120.0,50.0,734
2359,37551770.0,2122.0,734
6118,376547110.0,1237.0,734
7266,26929550.0,990.0,734
7723,65532210.0,2885.0,734
9979,110145605.0,998.0,734
9760,4747155.0,116.0,734
1967,28953120.0,2124.0,734
4838,25520750.0,708.0,734
7075,20635180.0,993.0,438
9256,39790085.0,1017.0,734
5644,27067600.0,7270.0,734
6306,91731750.0,1005.0,734
5122,172135100.0,6240.0,734
2894,3183795.0,363.0,734
3031,66117375.0,687.0,734
4564,3632320865.0,21.0,734
7803,617660020.0,484.0,734
8135,6444110.0,428.0,734
3116,1238000300.0,2236.5,734
9820,1945050.0,3795.0,734
9658,93940375.0,1109.0,734
5257,7448150.0,2904.0,734
3726,6807235.0,391.0,734
9246,1481625.0,1120.0,734
5449,66251320.0,2561.0,734
3646,5099535.0,355.0,734
9414,143437335.0,994.0,734
5578,31696970.0,902.0,734
9240,10224065.0,380.0,734
6038,3445600.0,830.0,734
4673,11011450.0,4880.0,734
7673,2519505.0,1700.0,734
2349,7189145.0,2524.0,734
3985,1368795.0,194.0,734
3189,147472525.0,107.0,734
2464,4145780.0,373.0,734
8267,14599450837.5,1313.5,734
2268,22387075.0,4045.0,734
472A,99415975.0,556.0,184
7157,383987850.0,1452.0,734
5609,4689195.0,929.0,734
9692,333703725.0,2223.0,734
2332,13300035.0,1702.0,734
6752,32808871505.0,4287.0,734
3539,242884640.0,1416.0,734
9928,87194640.0,2036.0,734
5333,7615281780.0,5251.0,734
3107,1188060930.0,3737.0,734
2175,1102038010.0,2673.0,734
5199,725785.0,1988.0,734
3948,1575485.0,1184.0,734
3981,3869750.0,1221.0,734
3030,10935615.0,862.0,734
9173,3420995.0,2811.0,734
2498,32821250.0,3140.0,734
9107,16247893460.0,3497.0,734
4193,9778840.0,2160.0,734
6093,11506925.0,163.0,734
4929,1436870.0,745.0,734
8260,5088770.0,389.0,734
7215,2273570.0,423.0,734
6482,65188390.0,705.0,734
5885,159834875.0,3195.0,734
241A,4649275.0,416.0,485
7096,1937440.0,737.0,734
3387,1280736285.0,761.0,734
3467,19251185.0,2816.0,734
7011,58935249845.0,3879.0,734
2573,14399225.0,4080.0,734
3159,32725890.0,381.0,734
9340,13000395.0,835.0,734
3936,54077435.0,133.0,734
2136,2634380.0,1414.0,734
3077,32553165.0,1349.0,734
160A,12349385.0,1963.0,602
4574,20412065.0,257.0,734
3986,2370020.0,478.0,734
5284,15601395.0,2219.0,734
4471,771023650.0,6380.0,734
3496,183395625.0,4900.0,734
4800,30449940.0,1357.0,734
7368,2419685.0,1715.0,734
7638,19210690.0,1421.0,734
4099,1733512320.0,2200.0,734
9325,8511650.0,1070.0,734
3580,43912265.0,761.0,734
4028,541575570.0,2915.0,734
8139,49537765.0,2238.0,734
4125,43298700.0,3625.0,734
168A,2776870.0,1049.0,600
3490,8556850.0,3050.0,734
7814,8494245.0,599.0,734
3020,12599350.0,4760.0,734
1827,17324420.0,1409.0,734
8111,1242440180.0,2126.5,734
9906,11667550.0,4150.0,734
6731,6632045.0,99.0,734
5406,3267316460.0,2069.0,734
3034,272546740.0,2349.0,734
8383,47474145.0,1939.0,734
7682,4515575.0,3900.0,734
2391,4335810.0,1170.0,734
8705,19086430.0,223.0,734
9878,4047610.0,391.0,734
3664,829654045.0,23.0,734
9755,166427160.0,2860.0,734
6031,20029335.0,277.0,734
166A,368414125.0,1087.0,605
7595,236945275.0,1287.0,734
3326,2542125.0,679.0,734
6101,1551583700.0,5120.0,734
4263,91661535.0,433.0,734
2659,506776750.0,3390.0,734
9959,35682400.0,945.0,734
9531,5927436855.0,6309.0,734
8345,927310120.0,2778.0,734
3238,8282005.0,382.0,734
4170,553702840.0,117.0,734
4189,356030650.0,3220.0,734
4194,2213028695.0,8504.0,734
6653,154835100.0,2114.0,734
5966,1385580.0,2700.0,734
7636,4160000.0,798.0,734
7309,5130790900.0,18225.0,734
5915,11666100.0,2448.0,734
9065,1677550625.0,8131.0,734
3245,363827370.0,1090.0,734
6706,94625475.0,3330.0,734
4479,80928050.0,965.0,734
9697,10777895410.0,4387.0,734
8346,881283745.0,1024.0,734
3231,3353608057.0498657,910.0,734
7345,3915170.0,938.0,734
6770,3545312102.5,2218.0,734
3760,7094345.0,719.0,734
7196,6737785.0,753.0,734
6144,10992245.0,2811.0,734
6540,19819215.0,1498.0,734
7185,25623250.0,3885.0,734
1420,7427385.0,631.0,734
4385,8486940040.0,3699.0,734
4113,28723575.0,803.0,734
2154,287128650.0,2025.0,734
2384,337442925.0,5260.0,734
3407,7326832185.0,1600.0,734
5408,118485095.0,642.0,734
7997,2485540.0,1085.0,734
4516,1415876900.0,3452.0,734
3168,126783765.0,1273.0,734
372A,25117950.0,5550.0,300
1835,263840175.0,3960.0,734
8095,45969365.0,524.0,734
6200,244160165.0,723.0,734
4634,616519275.0,5150.0,734
7354,172855795.0,378.0,734
5938,3173576977.5,1730.0,734
6521,459772160.0,3330.0,734
2462,29736760.0,1510.0,734
4431,468808950.0,3340.0,734
4819,558195230.0,2397.0,734
264A,46034375.0,332.0,467
4689,10624206544.583435,536.7999877929688,734
7567,4869305.0,619.0,734
3261,2460035.0,430.0,734
4628,154014500.0,10000.0,734
3184,590825.0,4155.0,734
4586,55033265.0,60.0,734
3577,1948615.0,925.0,734
4107,1147582175.0,3880.0,734
6504,8526263975.0,13075.0,734
2127,2499387006.4144897,656.7000122070312,734
7599,1327919975.0,1219.0,734
7827,5217155.0,1765.0,734
4318,87886415.0,866.0,734
4507,7297271457.5,2954.5,734
6013,594892845.0,3030.0,734
6176,217965540.0,1021.0,734
4691,124743865.0,2060.0,734
4235,11963015.0,680.0,734
6333,115040450.0,3510.0,734
7031,785875.0,670.0,734
9302,787212835.0,3409.0,734
3361,3034435.0,890.0,734
5310,620832200.0,7250.0,734
6912,26978450.0,2636.0,734
6138,23562865.0,1969.0,734
2708,1589545.0,1900.0,734
6772,2629785.0,1006.0,734
3635,1487695947.5,1700.0,734
5704,3862430.0,387.0,734
438A,86037380.0,1043.0,221
4197,1525365.0,2375.0,734
5192,262947825.0,4340.0,734
2607,1221486095.0,4453.0,734
7719,318347135.0,516.0,734
5612,12342390.0,1594.0,734
7893,55458865.0,1114.0,734
3172,3382110.0,1125.0,734
9629,48236120.0,1574.0,734
2935,29434200.0,1213.0,734
3639,3531210.0,236.0,734
4013,22659380.0,651.0,734
7071,101536015.0,393.0,734
218A,372018720.0,1038.0,524
7084,14990635.0,2800.0,734
5129,157666320.0,260.0,734
4732,2193562442.5,1907.0,734
6181,9331165.0,90.0,734
5580,4257730.0,1574.0,734
1443,14074195.0,272.0,734
6785,240800070.0,3130.0,734
476A,3570605.0,1675.0,183
4388,4499705.0,362.0,734
3712,7178030.0,1009.0,734
4686,440238150.0,4345.0,734
7058,2842190.0,3040.0,734
5991,2143591780.0,3388.0,734
9932,37082285.0,1314.0,734
2751,25248000.0,3580.0,734
5262,222646740.0,1120.0,734
4042,2494357652.5,2599.5,734
6405,32459250.0,1235.0,734
3741,211421025.0,3220.0,734
1333,551920125.0,1292.5,734
8130,335598375.0,3215.0,734
5868,6937460.0,1054.0,671
7222,90643175.0,928.0,734
4848,125722555.0,1878.0,734
4968,404468030.0,2280.0,734
3858,7424100.0,314.0,734
2204,27468125.0,3130.0,734
274A,26672510.0,2254.0,445
9033,5626010.0,633.0,734
8367,837714810.0,2023.0,734
1964,79437400.0,3930.0,734
5591,17915600.0,871.0,728
6136,1112666885.0,3488.0,734
4992,121282870.0,1910.0,734
6488,5414255.0,1046.0,734
8996,2294475.0,1044.0,734
6432,1524945950.0,7280.0,734
7864,373058700.0,3385.0,734
6199,25959735.0,1463.0,734
8935,101828930.0,1992.0,734
7337,1347516820.0,2400.5,734
6863,76164270.0,1096.0,734
5621,30808380.0,1597.0,669
7621,7507625.0,3430.0,734
4102,987210.0,1465.0,734
9672,234405675.0,4875.0,734
7048,24174710.0,154.0,734
8173,764583350.0,4380.0,734
3921,26924015.0,1706.0,734
9900,304677050.0,1109.0,734
8613,304576640.0,1291.0,734
6090,2693120.0,605.0,734
446A,1524975630.0,2309.0,202
7115,9517395.0,1491.0,734
6958,657295720.0,765.0,734
6954,25762204880.0,5852.0,734
4064,242201775.0,3585.0,734
9861,2060753285.0,3639.0,734
4553,411248800.0,3710.0,734
5900,1557535.0,875.0,734
1897,2518325.0,3700.0,734
5126,659150.0,1400.0,734
1844,79908965.0,441.0,734
4430,35095920.0,1746.0,734
5631,6575620285.0,7391.0,734
1994,13377515.0,621.0,734
7643,6106235.0,1719.0,734
2331,1524711120.0,1230.0,734
6046,82776440.0,153.0,734
7256,90186935.0,469.0,734
8123,1507975.0,1400.0,734
6758,52574313075.0,3697.0,734
6656,33130090.0,779.0,734
9336,494956025.0,3830.0,734
4543,9958259777.5,2238.0,734
7512,115479110.0,857.0,734
5393,1671096830.0,3359.0,734
6425,128025930.0,730.0,734
8424,767662685.0,4527.0,734
2282,3313894120.0,6078.0,734
4172,2578340.0,2326.0,734
4540,2140286130.0,3848.0,734
6538,10805300.0,249.0,734
7707,21429660.0,210.0,734
6370,4462956700.0,7591.0,734
9307,4743570.0,929.0,734
5218,147794845.0,1658.0,734
543A,5753128895.0,284.0,734
4478,2785492150.0,3865.0,734
6336,230886750.0,1424.0,734
219A,1269326120.0,2662.0,523
195A,15292135.0,720.0,551
7826,5837079450.0,10870.0,734
7771,40829845.0,260.0,734
7609,381909625.0,4080.0,734
2120,218887445.0,232.0,734
2678,468310945.0,1243.0,734
7613,332838440.0,1578.0,734
3501,20079830.0,1196.0,734
6245,91601300.0,1823.0,734
2689,6345090.0,1925.0,734
6864,46850005.0,1589.0,734
4420,424527665.0,824.0,734
5998,45249480.0,2770.0,734
4372,3115560.0,1345.0,734
4902,2577012640.236206,641.2000122070312,734
1447,80015985.0,319.0,734
5699,7587130.0,1609.0,734
6539,36394585.0,1004.0,734
6307,4695625.0,464.0,734
3930,9495475.0,769.0,734
7865,1625770.0,330.0,734
5921,4067625.0,4460.0,734
7444,1914695.0,2000.0,734
7988,1367989100.0,4948.0,734
4261,10410535.0,2954.0,734
8043,261035700.0,1570.0,734
4833,240543720.0,50.0,734
3417,8984190.0,1014.0,734
9221,59833650.0,1182.0,734
3753,40546645.0,212.0,734
4390,257497850.0,4115.0,734
3445,1236823200.0,5800.0,734
9830,234021710.0,2423.0,734
9322,32703250.0,2487.0,734
2767,1158301810.0,2647.0,734
8562,107469140.0,395.0,734
1711,7443060.0,247.0,734
7683,29425040.0,1410.0,734
6597,294907600.0,4040.0,734
7596,64889025.0,2357.0,734
2883,6422510.0,2054.0,734
3484,5838510.0,1227.0,734
9742,68020080.0,2151.0,734
6392,8151900.0,7870.0,734
6533,28204620.0,1234.0,734
7438,88352930.0,1800.0,734
7313,565155910.0,1834.5,734
4264,25639340.0,1403.0,734
3697,4207232865.4605103,881.0999755859375,734
9272,9934950.0,1455.0,734
7480,217195650.0,3625.0,734
5858,7165620.0,1181.0,734
9554,62796675.0,1769.0,734
8783,47565800.0,48.0,734
2415,11320530.0,1624.0,734
9507,2815805662.5,2186.0,734
6867,3414750.0,411.0,734
6470,97731810.0,1118.0,734
5344,4780173600.0,55670.0,734
1491,22470400.0,761.0,734
1948,43635550.0,11430.0,734
6134,5192085515.0,7179.0,734
6545,4619165.0,780.0,734
5715,1212742575.0,4225.0,734
3825,461531610.0,231.0,734
8037,316430925.0,5080.0,734
7475,308670635.0,3765.0,734
4549,479951720.0,2370.0,734
6231,134862200.0,11990.0,734
6029,4804450.0,189.0,734
4593,528686650.0,304.0,734
1810,47875345.0,1467.0,734
9476,1059115.0,1000.0,734
7674,10241485.0,2749.0,734
5134,2287775.0,456.0,734
4887,1057571265.0,1639.0,734
2435,2779765.0,206.0,734
7003,8626430610.0,4383.0,734
7537,139346275.0,1875.0,734
7815,2243485.0,348.0,734
3939,121909225.0,495.0,734
4446,155091835.0,795.0,734
5703,669561610.0,3020.0,734
2354,1054514580.0,1352.0,734
5945,5577945.0,2289.0,734
9160,11166815.0,333.0,734
198A,11743605.0,163.0,550
8818,454123255.0,1124.0,734
7955,36720820.0,954.0,734
7847,3773860.0,662.0,734
341A,116322565.0,2329.0,363
3733,69455400.0,11880.0,734
2874,296166930.0,2164.0,734
6222,141854210.0,927.0,734
3063,68850705.0,1180.0,734
9380,4429125.0,438.0,734
3993,955286325.0,3160.0,734
7351,10201330.0,498.0,734
7245,400185590.0,1129.0,734
368A,118717930.0,1462.0,303
3917,6465740.0,504.0,734
4755,11263801581.451416,708.2999877929688,734
7901,2916905.0,760.0,734
410A,8848085.0,1128.0,241
6897,214193575.0,635.0,734
5015,6181980.0,999.0,734
6098,75270910325.0,17350.0,734
3648,8476085.0,1055.0,734
7984,836229583.62854,892.7999877929688,734
4196,66609250.0,1336.0,734
9348,207632765.0,416.0,734
8920,49191610.0,695.0,734
261A,52006210.0,1971.0,471
9003,932572792.5,2635.0,734
9159,6527420.0,1973.0,734
7362,844685.0,890.0,734
6078,44615675.0,1572.0,734
2590,367654230.0,3010.0,734
5592,97362010.0,2777.0,723
2792,69542300.0,1445.0,734
4704,6421494800.0,6609.0,734
9341,50705095.0,617.0,734
5975,397528925.0,3410.0,734
2157,1087207800.0,1003.0,734
7167,4419475557.5,1682.0,734
6794,427996480.0,3240.0,734
3050,378969065.0,1600.0,734
5871,26695755.0,1388.0,640
5933,40975310.0,1102.0,734
2335,48072645.0,1105.0,734
2341,3206130.0,173.0,734
7090,1251935.0,985.0,734
6284,237656450.0,8510.0,734
8101,78531690.0,2618.0,734
2122,10228035.0,1416.0,734
4216,275248150.0,6090.0,734
6745,329703160.0,1977.0,734
7562,10502350.0,3835.0,734
9882,303025575.0,1743.0,734
1518,767837215.0,2296.0,734
7944,317638325.0,3755.0,734
4820,50135955.0,600.0,734
9361,337675.0,2015.0,734
9147,5924426605.0,5662.0,734
5076,4052939510.0,2908.5,734
3091,179059250.0,2796.0,734
4752,1012000.0,1598.0,734
9691,1595050.0,5160.0,734
6730,1021516110.0,1213.0,734
545A,63198355.0,991.0,116
5922,8270750.0,20000.0,734
9994,20659905.0,2045.0,734
7057,1047285.0,923.0,734
7936,24565840935.0,4066.0,734
4499,297483580.0,2230.0,734
4928,374558700.0,4810.0,734
5741,2024150260.0,2251.0,734
8708,280471015.0,1783.0,734
6069,12963750.0,674.0,734
4041,397613000.0,3870.0,734
7371,17803730.0,802.0,734
7089,29291180.0,1403.0,734
3178,15969485.0,1203.0,734
9791,2421680.0,1176.0,734
3242,23018295.0,529.0,734
7247,16747750.0,370.0,734
1401,5171790.0,1311.0,734
9229,20860560.0,113.0,734
469A,5929105.0,1689.0,188
7150,12281960.0,521.0,734
6040,10807605.0,465.0,734
2796,3897220.0,499.0,734
2999,21666670.0,507.0,734
4783,29039345.0,2628.0,734
7791,1941730.0,829.0,734
436A,87999005.0,1314.0,222
2440,19145900.0,123.0,734
9849,699675.0,4545.0,734
7412,254911345.0,348.0,734
8275,27788995.0,1003.0,734
8141,197847645.0,1564.0,734
8566,227171050.0,6890.0,734
8136,22407530227.5,1207.5,734
8200,294584765.0,2279.0,734
7246,351354145.0,1008.0,734
7213,13107360.0,666.0,734
2418,54112615.0,597.0,734
2148,47584860.0,1155.0,734
8844,66686675.0,1243.0,734
1898,217152860.0,1491.0,734
7927,36608830.0,2369.0,734
6332,333198595.0,2608.0,734
3444,815885775.0,1158.0,734
4229,80485675.0,4165.0,734
3002,671491575.0,4075.0,734
5928,1724280.0,291.0,734
2681,356652575.0,2357.0,734
6361,12986764020.0,4323.0,734
7593,238239815.0,528.0,734
3674,3660655.0,337.0,734
9308,291127970.0,2362.0,734
7602,41150200.0,176.0,734
9888,75829725.0,1269.0,734
1802,7651618182.5,3083.0,734
6223,56890055.0,1950.0,724
7608,81663995.0,932.0,734
7427,7642735.0,840.0,734
9948,461999225.0,3740.0,734
8167,186812640.0,1425.0,734
9709,13718830.0,1224.0,734
8891,8200020.0,2104.0,734
5011,158461880.0,2325.0,734
5869,7635810.0,1259.0,669
6381,141836900.0,1915.0,734
9057,2361000.0,3285.0,734
6193,11151730.0,1170.0,734
1930,79958965.0,1608.0,734
6546,1554250.0,1178.0,734
1965,502140900.0,7130.0,734
9009,2466244797.5,1375.5,734
4524,2118900.0,2242.0,734
3912,4236015.0,1132.0,734
3998,1039135.0,292.0,734
7388,78319060.0,2360.0,734
2124,482517645.0,1049.0,734
373A,4071740.0,1471.0,300
4761,8430780.0,1482.0,734
3284,301336890.0,1300.0,734
2291,1123740.0,509.0,734
6797,5231225.0,1205.0,562
2791,207052025.0,4560.0,734
7095,79210455.0,1156.0,734
9989,1973460455.0,3629.0,734
7878,15814315.0,1143.0,734
3393,111930005.0,3260.0,734
1929,105567735.0,1241.0,734
8219,439453635.0,762.0,734
3612,738795915.0,1599.0,734
9519,802980630.0,899.0,734
167A,440366100.0,3300.0,734
8119,2164850.0,789.0,734
5071,21702205.0,1485.0,734
6658,18256810.0,451.0,734
2915,60508395.0,2069.0,734
2445,29311695.0,404.0,734
8928,15121065.0,2307.0,734
8040,1184890.0,1041.0,734
9972,2203345.0,276.0,734
6592,2112733062.5,1707.0,734
8151,376420255.0,1822.0,734
6305,9877210810.0,5663.0,734
1762,165882525.0,4260.0,734
1866,13950055.0,1123.0,734
8835,12617630.0,792.0,734
2818,3897445.0,1756.0,734
7126,3485885.0,1450.0,734
3121,22248820.0,258.0,734
7995,339722400.0,6570.0,734
4531,12040630.0,358.0,734
8057,468932625.0,2273.0,734
228A,2613090.0,1738.0,508
2481,804105.0,697.0,734
4972,252205950.0,4095.0,734
9075,478607000.0,6340.0,734
2810,1108678720.0,3974.0,734
3772,19928540.0,1112.0,734
366A,33870610.0,1145.0,305
6347,3322215.0,249.0,734
7857,554250.0,1290.0,734
6736,368963600.0,9690.0,734
8060,1659798220.0,3689.0,734
2916,1472510.0,740.0,734
5713,31111757415.0,9610.0,734
2292,693466365.0,2744.0,734
4393,305589450.0,6000.0,734
4450,4817690.0,2337.0,734
7164,846062700.0,3156.0,734
4371,25959465.0,1481.0,734
5451,339746250.0,1433.0,734
8031,32323898705.0,5161.0,734
8344,843022300.0,5380.0,734
9083,6916920.0,2000.0,734
4437,3354115.0,713.0,734
3878,25172575.0,838.0,734
6501,49881783175.0,5524.0,734
339A,10131945.0,933.0,363
3649,57137325.0,886.0,734
6666,31314910.0,807.0,734
3634,1246890.0,594.0,734
9049,1931100.0,6590.0,734
8850,243388925.0,4760.0,734
7220,2636083695.0,2802.0,734
6926,2695025.0,191.0,734
365A,43577730.0,796.0,306
9468,1376097990.0,3635.0,734
7812,6071210.0,2143.0,734
7912,4167238832.5,2960.5,734
8601,9238980072.5,1845.5,734
8604,15586573245.0,1581.0,734
6859,259319875.0,3955.0,734
7747,4890574630.0,3275.0,734
4772,5545775.0,72.0,734
4441,28572395.0,1497.0,734
9713,4482425.0,920.0,734
9142,2599644065.0,3461.0,734
7219,4283640.0,2463.0,734
6027,2102464400.0,5650.0,734
3204,3002460.0,501.0,734
6161,4806955.0,1048.0,734
5411,14490218685.0,1883.0,734
147A,100791145.0,1004.0,609
2479,23064295.0,268.0,734
2009,13048150.0,1112.0,734
414A,96576180.0,876.0,235
9685,2066375.0,570.0,734
2983,93908970.0,1711.0,734
3246,3813025.0,688.0,734
3632,235592420.0,425.0,734
7442,4531215.0,481.0,734
4528,3372135312.5,2389.0,734
9031,703758590.0,3109.0,734
6558,897125.0,672.0,734
7482,64441055.0,1526.0,734
7976,295725915.0,3305.0,734
9837,85013595.0,1793.0,734
4205,2098918407.5,2394.0,734
3104,382178750.0,3250.0,734
9311,1185900.0,7760.0,734
6083,54427700.0,1662.0,734
8291,42882130.0,553.0,734
1814,217514525.0,3635.0,734
5941,4175425.0,2700.0,734
3474,1813730.0,598.0,734
3673,394359505.0,491.0,734
9795,34242280.0,2302.0,734
3086,4788904627.5,2667.0,734
409A,193019565.0,1149.0,241
7255,2809500.0,502.0,734
7273,91003475.0,623.0,734
6039,45470050.0,1020.0,734
3953,776385.0,786.0,734
8411,71455258355.0,8495.0,734
8945,4475190.0,1089.0,734
2722,1619255.0,360.0,734
5461,219794525.0,2138.0,734
5121,189826055.0,2833.0,734
550A,5986285.0,2165.0,111
6286,4944185.0,1507.0,734
3769,2609104955.0,8819.0,734
2931,194789205.0,350.0,734
9616,2609271185.0,3206.0,734
3994,3784874175.0,5901.0,734
2669,46014175.0,3945.0,734
9236,7241665.0,1385.0,710
2814,15319780.0,1900.0,734
6810,695248565.0,2554.0,734
3289,3220097717.5,1280.0,734
7501,327485.0,1425.0,734
4179,12676835.0,353.0,734
575A,150847605.0,1910.0,78
2871,2503191120.0,2210.0,734
4417,363594800.0,5720.0,734
5527,13708810.0,742.0,734
6326,13405338910.0,2749.5,734
5974,1081185.0,850.0,734
7942,164373785.0,2967.0,734
7983,27534935.0,1176.0,734
9368,17634700.0,959.0,734
3320,9300525.0,1300.0,734
8830,9388523815.0,3186.0,734
4626,1297737735.0,4744.0,734
1381,14655675.0,3590.0,734
8729,9582279916.135025,162.5,239
2936,6746320.0,281.0,734
3845,42816785.0,327.0,734
5959,67731840.0,950.0,734
3092,2788153100.0,1162.0,734
7687,3719345.0,461.0,734
7377,14075475.0,1707.0,734
7505,35246810.0,2095.0,734
9793,437137350.0,3715.0,734
4763,54089820.0,1494.0,734
7509,1625825.0,4770.0,734
4816,1223299980.0,2994.0,734
184A,1427960.0,321.0,567
197A,96355255.0,523.0,550
4506,5994774087.5,1609.5,734
297A,6729865.0,211.0,422
4051,195654950.0,6060.0,734
6625,74878895.0,368.0,734
4012,6831945.0,1732.0,734
2375,21400975.0,200.0,734
8750,15638297960.0,1913.5,734
6324,5678336950.0,6200.0,734
7047,310574040.0,2187.0,734
1663,407974115.0,1936.0,734
1446,2145835.0,540.0,734
8052,206496535.0,2942.0,734
2208,12672750.0,3125.0,734
6861,39154433150.0,76580.0,734
7709,150118280.0,60.0,734
6185,2281575.0,363.0,734
5471,2064826682.5,2434.5,734
6574,188398735.0,123.0,734
3744,7466795.0,462.0,734
7202,5748967082.5,2210.5,734
6590,4753187675.0,3790.0,734
146A,179872350.0,3705.0,608
7135,5531055.0,172.0,734
3914,31715690.0,2685.0,734
7809,5279090.0,1321.0,734
6072,512986645.0,1059.0,734
3323,48264950.0,92.0,734
6999,1043367320.0,2271.0,734
9450,32498405.0,782.0,734
423A,9577160.0,324.0,228
5101,6090345090.0,6825.0,734
343A,8514585.0,1320.0,357
6058,1073038485.0,1984.0,734
4503,13465519450.0,2383.5,734
8524,1894010395.0,1322.0,734
5246,373848235.0,863.0,734
7952,49423975.0,3280.0,734
3391,3491081425.0,2161.5,734
9007,2217772620.0,1799.5,734
9304,395805035.0,2106.0,734
6379,598652130.0,3125.0,734
4666,1985693732.5,2022.5,734
6674,3799011485.0,5476.0,734
8572,547024639.5932007,486.1000061035156,734
3694,84428605.0,471.0,734
8881,71193310.0,662.0,734
8076,8305965.0,2139.0,734
9036,1984200.0,1224.0,734
9249,8964585.0,1667.0,734
4681,806383685.0,1788.0,734
4308,6687030.0,358.0,734
4078,688479925.0,3685.0,734
7419,792936400.0,1284.0,734
7062,3580735.0,681.0,734
416A,16181230.0,1367.0,734
9850,38240935.0,994.0,734
1992,325450.0,2986.0,734
7975,1773615.0,1169.0,734
6272,90670935.0,1531.0,734
8923,317910075.0,1724.0,734
6648,49804035.0,1651.0,734
6580,30097055.0,851.0,734
4582,42914205.0,55.0,734
9012,664210.0,2090.0,734
9045,879145115.0,3224.0,734
6092,16683390.0,819.0,733
8771,274996560.0,1786.0,734
7730,452089120.0,1445.0,734
4492,16719760.0,400.0,734
7269,12582414812.5,2028.0,734
7581,2776914100.0,6410.0,734
4186,5640425210.0,8073.0,734
7460,22578450.0,1627.0,734
4344,145390070.0,103.0,734
3747,21652810.0,405.0,734
5574,608806875.0,3260.0,734
3021,17488215.0,1631.0,734
5243,882172645.0,3135.0,734
3140,5163335.0,1021.0,734
186A,4218324175.0,1153.0,561
9656,3189675.0,599.0,734
4379,28070865.0,506.0,734
4998,19060135.0,1170.0,734
3641,3781970.0,993.0,734
7611,640905850.0,2931.0,734
1515,2917750450.0,3485.0,734
9401,1801999590.0,5842.0,734
5603,3181785.0,1296.0,734
4071,517768890.0,2100.0,734
8030,9373375.0,3920.0,734
3083,479497025.0,1190.0,734
3922,91433080.0,2211.0,734
4733,1496773615.0,8306.0,734
189A,2122120.0,1083.0,557
6996,2299080785.0,2582.0,734
3087,344799375.0,3265.0,734
2206,847019025.0,5038.0,734
7074,745580.0,184.0,734
8544,740119575.0,2855.0,734
6962,268526775.0,814.0,734
9562,6887380.0,680.0,734
7716,838029030.0,3015.0,734
2926,20991405.0,123.0,734
9064,2178240367.5,1983.0,734
4443,2613456915.0,2142.0,734
290A,1724440675.0,1563.0,426
4198,1359690.0,513.0,734
6753,2389850439.606018,648.7999877929688,734
9303,375065175.0,4165.0,734
5142,157831435.0,1809.0,734
8113,4502862641.255188,960.2000122070312,734
2413,6136156705.0,1773.0,734
9635,719560.0,2565.0,734
6552,2839945.0,169.0,734
7575,247362020.0,1575.0,734
9211,149314185.0,1558.0,734
4825,410005060.0,2029.0,734
7931,92645475.0,3675.0,734
3608,300802445.0,1225.0,734
2776,40622385.0,95.0,734
5079,11281075.0,2590.0,734
2281,369626425.0,2407.0,734
1963,3496463317.5,2334.5,734
148A,2651020.0,1745.0,609
6952,3991258917.5,2141.0,734
2499,3294350.0,310.0,734
4552,210205865.0,516.0,734
4813,249815270.0,383.0,734
1768,3184895.0,1037.0,734
1431,7794960.0,657.0,734
8144,1813105.0,1280.0,734
6472,1104394230.757904,384.7999877929688,734
2216,68481835.0,1099.0,734
8331,7564758822.5,2737.0,734
3174,6655790.0,387.0,734
9946,169783030.0,1806.0,734
6778,12260260.0,634.0,734
4326,58791975.0,2004.0,734
3934,3004790.0,2296.0,734
5357,58368475.0,1745.0,734
4888,144794105.0,424.0,734
8181,6628040.0,991.0,734
7370,2444580.0,712.0,734
7782,1832635.0,491.0,734
5659,65686035.0,1413.0,734
8020,1303459125.0,2318.5,734
2294,48983440.0,2501.0,734
254A,17082960.0,1214.0,734
9235,27900290.0,403.0,711
5110,4126793737.5,1985.5,734
6310,250723570.0,1954.0,734
6645,7333653870.0,6168.0,734
8226,55191825.0,398.0,734
9258,1211505.0,300.0,734
6034,4385450.0,588.0,734
3004,10064740.0,2080.0,734
8059,401989425.0,3645.0,734
9022,8160546170.0,3815.0,734
7085,496997190.0,889.0,734
212A,436286675.0,2788.0,528
9048,1299249160.0,1905.0,734
6850,53901595.0,1783.0,734
6035,24399295.0,763.0,734
8104,9922890.0,770.0,734
3059,1397675.0,709.0,734
4536,2432747662.5,1710.0,734
9744,1378668310.0,3468.0,734
3727,12542535.0,169.0,734
250A,62008080.0,1597.0,481
9746,279007600.0,4160.0,734
5410,232965075.0,3015.0,734
3182,141545095.0,1636.0,734
6905,268186675.0,1371.0,734
7921,79538075.0,4165.0,734
2914,22022432720.0,6886.0,734
4419,547583795.0,1417.0,734
3678,45212605.0,1228.0,734
7520,55894580.0,2602.0,734
5830,3521994945.0,3826.0,734
2877,2264755.0,752.0,734
245A,7491130.0,2488.0,484
9846,9219935.0,983.0,734
5857,2674823075.0,3705.0,734
4927,706468152.5,1357.5,734
4415,38897750.0,1392.0,734
4896,14825270.0,812.0,715
269A,24420850.0,2920.0,462
3773,36883295.0,1082.0,734
4323,90339005.0,1913.0,734
581A,12849396475.0,3170.0,67
1718,9233150.0,7130.0,734
8014,166072375.0,4250.0,734
4224,16727275.0,2109.0,734
6532,8078862615.0,7932.0,734
5892,221411235.0,2935.0,666
6549,7084250.0,1114.0,734
5817,49994960.0,1122.0,734
6737,534060625.0,3170.0,734
9913,12680525.0,3650.0,734
590A,270280675.0,1295.0,734
456A,1039911825.0,1682.0,199
3300,138433465.0,1893.0,734
291A,5359240.0,2012.0,428
3926,21082230.0,440.0,734
3353,7098115.0,2785.0,734
3187,55850320.0,417.0,734
3900,43548715.0,671.0,734
3475,177393685.0,1485.0,734
4208,2652927760.0,3452.0,734
4769,1194670.0,1146.0,734
9735,7577327625.0,6436.0,734
2700,24725255.0,1730.0,734
9661,44835850.0,4155.0,734
9731,6630275.0,3385.0,734
256A,580596425.0,2277.0,734
3181,2753680.0,1059.0,734
5388,12350840.0,1400.0,734
4933,377171770.0,2370.0,734
8045,2582785.0,2055.0,734
1436,147539805.0,1723.0,734
5269,61068720.0,365.0,734
3901,117380675.0,1526.0,734
2459,7723480.0,179.0,734
3763,123208815.0,2159.0,734
7078,13945840.0,343.0,734
7043,1593205.0,939.0,734
6914,476216225.0,3160.0,734
2215,4277655.0,619.0,734
1969,2135497335.0,4713.0,734
5983,23494450.0,13900.0,734
7276,2044360360.0,2644.5,734
7949,124289080.0,2830.0,734
3359,14423920.0,522.0,734
7278,1548963550.0,5930.0,734
9628,103427930.0,1353.0,734
3687,1247666185.0,2249.0,734
6217,61086970.0,800.0,734
4438,40821765.0,302.0,734
8050,5927448000.0,9820.0,734
1899,294593600.0,4710.0,734
5202,1359527010.0,496.0,734
7951,2724409207.5,1249.0,734
3222,535570170.0,841.0,734
9021,5502466117.5,3036.0,734
6866,293996800.0,10180.0,734
9812,1491470.0,236.0,734
6768,777986580.0,822.0,734
2168,262168750.0,1556.0,734
1605,20723512980.0,3913.0,734
6235,767293930.0,2454.0,734
4477,446761110.0,337.0,734
9424,236022195.0,120.0,734
9553,47700670.0,646.0,734
4631,3105804370.0,4755.0,734
2816,3122680.0,1419.0,734
9006,1064667282.5,1567.5,734
1433,119594065.0,1203.0,734
9278,299208070.0,2732.0,734
3329,6273605.0,2144.0,734
5185,85507840.0,2002.0,734
9439,1792110.0,219.0,734
4270,8509295.0,1898.0,734
1430,19971045.0,1066.0,734
7792,15389165.0,1502.0,734
2483,12485855.0,2272.0,734
5958,9158200.0,4400.0,734
3150,106693620.0,2426.0,734
9438,19212690.0,607.0,734
3096,5162260.0,1618.0,734
431A,108889035.0,2811.0,226
3252,370072780.0,2819.0,734
3132,3205322530.0,4088.0,734
7733,8622977167.5,2005.0,734
6965,4800600152.5,2246.5,734
4960,50461815.0,596.0,734
8103,133520750.0,989.0,734
4412,22647495.0,1355.0,734
2158,112237610.0,641.0,734
7886,2896170.0,567.0,734
6822,13935100.0,5000.0,734
4527,3485474132.5,2784.5,734
4406,62221445.0,233.0,734
7198,81626405.0,840.0,734
4249,82276390.0,2879.0,734
8278,278951685.0,2045.0,734
7259,5429845287.5,2233.5,734
4767,43790110.0,393.0,734
9543,208687815.0,1383.0,734
6703,1734991585.0,2759.0,734
6407,2595614400.0,5100.0,734
6814,1856635250.0,7640.0,734
9753,5639490.0,1419.0,734
6143,707326640.0,1653.0,734
6292,2736770.0,833.0,734
7110,12367500.0,1900.0,734
8025,1458360.0,1306.0,734
9831,2833853841.834717,715.7000122070312,734
155A,26974400.0,835.0,607
7097,11481795.0,2740.0,734
9206,4368005.0,1940.0,734
7359,21652770.0,261.0,734
9305,112967980.0,2121.0,734
6049,4401415.0,251.0,734
6923,1698305030.0,3514.0,734
3915,254285665.0,2329.0,734
4911,8441431675.0,3561.0,734
1764,1512445.0,2681.0,734
7059,95982805.0,971.0,734
4243,3383800.0,1030.0,734
4579,69988930.0,594.0,734
7898,5544860.0,929.0,734
2962,759874165.0,2231.0,734
9101,22612290235.0,7490.0,734
2750,9282920.0,1356.0,734
7013,31946057100.0,2852.5,734
6366,1203326825.0,700.0,734
3565,120408095.0,521.0,734
3110,14537937390.0,3080.0,734
9872,3126280.0,950.0,734
2998,46147405.0,524.0,734
8392,741481220.0,3135.0,734
3082,5567415.0,984.0,734
1914,23913890.0,807.0,734
6155,3397710.0,540.0,734
6543,5127825.0,1184.0,734
319A,781674500.0,19300.0,397
1803,7669523470.0,2358.0,734
2432,2844837965.0,2545.5,734
2798,12618215.0,2997.0,734
280A,37733270.0,1110.0,437
4923,32703555.0,1222.0,734
9853,1531765.0,909.0,734
2160,2979986385.0,3250.0,734
8341,2710477120.0,4185.0,734
3591,433449325.0,3948.0,734
8934,308545630.0,2398.0,734
9216,34903170.0,1700.0,734
6599,29448425.0,4070.0,734
6088,225908645.0,584.0,734
7409,221697735.0,1489.0,734
4260,4559840.0,203.0,734
6351,150365615.0,2569.0,734
3433,591860130.0,2853.0,734
8273,857571275.0,988.0,734
8143,37408435.0,183.0,734
9163,43224780.0,2408.0,734
3154,14934415.0,792.0,734
8558,232851710.0,1515.0,734
3439,936755.0,677.0,734
3944,2501350.0,3115.0,734
6832,68639900.0,2434.0,734
9983,68237352300.0,67680.0,734
4109,255445750.0,5270.0,734
546A,398179885.0,2441.0,116
5844,4039240280.0,4869.0,734
3652,173305470.0,3090.0,734
8179,375245000.0,1332.0,734
4043,1968853875.0,4181.0,734
6798,38976050.0,3335.0,734
1951,1110193680.0,2621.0,734
6194,135940265.0,887.0,734
6444,19743395.0,195.0,734
8285,42047905.0,838.0,734
7831,1698425.0,65.0,734
4568,15954371520.0,2953.5,734
5016,64344086245.0,3574.0,369
8218,357207375.0,3920.0,734
9474,168605735.0,925.0,734
5384,1033000650.0,3375.0,734
5590,63876685.0,729.0,729
4720,646260.0,244.0,734
7630,882084345.0,1085.0,734
5971,9571500.0,8700.0,734
4337,63390710.0,2638.0,734
8138,909225.0,4090.0,734
2488,19720305.0,1442.0,734
3835,24774930.0,435.0,734
7240,1104912482.5,2991.5,734
7908,21944930.0,246.0,734
2169,4095585.0,1740.0,734
4480,739223320.0,2368.0,734
9854,13109800.0,275.0,734
8425,722677510.0,1366.0,734
8802,13130973820.0,3613.0,734
6856,4645210525.0,22885.0,734
387A,1993360.0,927.0,282
2683,4040415.0,992.0,734
9612,57838880.0,1243.0,734
9621,208273525.0,3305.0,734
4062,158794471500.0,19555.0,734
8158,75647115.0,1330.0,734
2429,119874085.0,2873.0,734
4246,229956995.0,1093.0,734
1975,258872350.0,3915.0,734
6727,410837090.0,842.0,734
7510,125429260.0,2776.0,734
1721,2704549625.0,5868.0,734
7320,47802655.0,1484.0,734
6870,5294345.0,2071.0,734
7565,5059550.0,7750.0,734
2497,11020060.0,526.0,734
8725,22088295635.0,5217.0,734
5248,10939995.0,517.0,734
9857,2895750.0,2613.0,734
3199,44555485.0,1312.0,734
4583,302248000.0,103.0,734
3692,1690993925.0,7570.0,734
7896,558720.0,503.0,734
7140,1064225.0,798.0,734
9441,7660415.0,3015.0,734
8336,680412210.0,2875.0,734
5936,5993735.0,907.0,734
4936,13080830.0,300.0,734
3160,3557455.0,582.0,734
3248,1534685.0,895.0,734
7360,812945.0,643.0,734
8133,287625350.0,2344.0,734
6345,269998330.0,1461.0,734
5721,69406445.0,54.0,734
9238,2065445.0,362.0,690
5020,12895377685.0,1431.5,734
8368,1874226085.0,2481.0,734
3877,89604540.0,2255.0,734
9765,15373855.0,1193.0,734
9434,17602650894.395065,248.1000061035156,734
9627,745094445.0,5519.0,734
1719,1277457442.5,1915.5,734
6571,55551755.0,1277.0,734
6723,32958524375.0,3309.0,734
4563,59643170.0,36.0,734
5074,662079545.0,577.0,734
4005,7181091127.578735,580.2000122070312,734
6396,2567900.0,4565.0,734
4612,3332654082.5,1152.5,734
3964,965938755.0,1343.0,734
4709,52392280.0,1092.0,734
9223,7959125.0,356.0,668
9060,1181850.0,4145.0,734
8008,209584975.0,2086.0,734
4491,10679675.0,3250.0,734
7521,2716805.0,2731.0,734
4925,2588655.0,1732.0,734
6707,1074430775.0,6772.0,734
6951,1784200150.0,7263.0,734
3392,15407490.0,793.0,734
3663,379058420.0,1893.0,734
8410,1295106057.8546143,342.6000061035156,734
7637,106273225.0,3605.0,734
7819,29794945.0,976.0,734
3719,36940225.0,115.0,734
6526,11045377057.5,2000.0,734
5987,740025.0,1615.0,734
2484,157822865.0,152.0,734
7846,864630200.0,2115.0,734
7607,122409750.0,3050.0,734
4345,49580135.0,844.0,734
4484,4087160.0,300.0,734
8917,77428320.0,1087.0,734
7231,166401200.0,3155.0,734
9790,93642345.0,3035.0,734
7287,532573815.0,2813.0,734
7823,69440425.0,825.0,734
5973,1444475.0,617.0,734
4967,1214130595.0,5860.0,734
6834,5481498525.0,5850.0,734
1382,1374690.0,885.0,734
7283,300059555.0,2159.0,734
2163,37574300.0,954.0,734
4206,961120790.0,4245.0,734
2138,7954520.0,426.0,734
3553,31213605.0,935.0,734
4931,117254915.0,2041.0,734
7421,119047950.0,1634.0,734
7681,2107070.0,1010.0,734
3111,1171650.0,180.0,734
2179,3767670.0,821.0,734
3089,5308725.0,1055.0,734
6998,383310975.0,4025.0,734
296A,133914735.0,1222.0,424
3695,15482505.0,1637.0,734
6356,1268053825.0,1386.0,734
2337,346984825.0,406.0,734
9247,463309285.0,1784.0,734
6277,204029850.0,5980.0,734
7604,6091030.0,918.0,734
3186,1497319175.0,2909.0,734
8086,1134277125.0,1443.0,734
7743,446364430.0,792.0,734
7265,3607375.0,3520.0,734
2471,71330125.0,287.0,734
6718,59027765.0,2852.0,734
3360,617511100.0,2458.5,734
9633,22028050.0,1900.0,734
7779,229193550.0,232.0,734
5946,105788640.0,1983.0,734
6588,397541825.0,2900.0,734
7740,577326880.0,1343.0,734
8147,2053050.0,1422.0,734
6230,2030820.0,2180.0,734
6966,2788642185.0,890.0,734
7991,7696025.0,1061.0,734
5852,58500920.0,671.0,734
2207,174190775.0,3450.0,734
4891,55805525.0,132.0,734
6516,484739450.0,5330.0,734
288A,10934160.0,92.0,430
8165,14565370.0,101.0,734
7850,2309860.0,797.0,734
4728,5553895.0,650.0,734
7083,3302490.0,1170.0,734
6898,50181725.0,4900.0,734
9145,10391295.0,587.0,734
142A,8885655.0,915.0,610
6480,1167173045.0,1735.0,734
5842,332594610.0,2998.0,733
9740,60861900.0,2701.0,734
6233,2868725.0,407.0,734
4587,841642542.5,1070.0,734
4973,270014600.0,4825.0,734
4182,6225783390.0,3782.0,734
9816,3450295.0,253.0,734
3987,19779870.0,626.0,734
4547,228292625.0,4005.0,734
6525,69521696485.0,8884.0,709
6947,274249475.0,5020.0,734
7459,1467302100.0,2906.5,734
9444,13462380.0,261.0,734
2875,4016306900.0,9737.0,734
7839,414458730.0,2122.0,734
6484,3526780.0,2244.0,734
6647,9460475.0,3710.0,734
4971,2031359450.0,6340.0,734
6157,60969600.0,817.0,734
248A,1199615.0,808.0,484
4044,426900650.0,4530.0,734
3479,86903520.0,1905.0,734
7199,364858860.0,2143.0,734
6091,28193380.0,952.0,734
6335,14770940.0,580.0,734
6229,17831960.0,1466.0,734
4886,102308920.0,2169.0,734
7727,97600135.0,898.0,734
6264,1091882275.0,1833.0,734
6073,20519860.0,1521.0,734
7134,13930715.0,1458.0,734
2656,53861410.0,154.0,734
244A,2792805.0,1193.0,484
2809,1532643575.0,4440.0,734
8904,20886155.0,823.0,734
4021,4159188720.0,8257.0,734
4204,3270993525.0,2496.5,734
2410,89361705.0,2885.0,734
3421,45061290.0,1621.0,734
9337,25872710.0,1447.0,734
7030,12854525.0,964.0,734
5985,2282555170.0,2320.0,734
7383,305895845.0,396.0,734
1724,1748830.0,720.0,734
9202,6630098837.5,2981.5,734
5843,16220195.0,2307.0,724
6943,3009100.0,5620.0,734
3895,17803565.0,462.0,734
4151,4311396030.0,2256.0,734
5909,13603255.0,971.0,734
3498,2204682100.0,7420.0,734
3224,3134205.0,690.0,734
7434,2161460.0,1848.0,734
3435,4238305.0,1543.0,734
6927,43624020.0,970.0,734
7161,86599440.0,640.0,734
8593,5023034100.0,1384.5,734
6857,289489993350.0,32050.0,734
4526,268801400.0,3375.0,734
5742,1040490.0,743.0,734
4414,35319775.0,1101.0,734
2782,1695536700.0,4735.0,734
6125,171497275.0,4645.0,734
7523,4280990.0,1876.0,734
6412,561066625.0,2210.0,734
6662,3290175.0,221.0,734
7228,7394150.0,4000.0,734
7464,1839550.0,1511.0,734
5132,77915395.0,1889.0,734
6492,274869700.0,14810.0,734
8154,536943675.0,5110.0,734
7369,6512025.0,374.0,734
9449,1084067570.0,3969.0,734
9219,7806495.0,898.0,734
9416,261532305.0,1069.0,734
9532,5761143140.0,6073.0,734
5867,2106955.0,1314.0,671
3668,199736990.0,454.0,734
7381,506553690.0,1331.0,734
325A,567763480.0,1877.0,382
7291,12381085.0,466.0,734
1786,162114635.0,356.0,734
6744,337749375.0,4080.0,734
3180,84930760.0,1627.0,734
2371,884332210.0,3835.0,734
6616,168835095.0,1866.0,734
340A,3008255.0,313.0,362
2001,420545720.0,2979.0,734
2195,41987660.0,380.0,734
3935,26328760.0,731.0,734
4559,318234360.0,2018.0,734
4365,10572000.0,24380.0,734
9353,1619290.0,3025.0,734
9339,1500350.0,1426.0,734
548A,19611935.0,954.0,114
1662,2538953955.0,1929.0,734
8214,270493950.0,1719.0,734
3542,26567930.0,1506.0,734
6178,13415227252.5,2527.5,734
4465,14588380.0,2435.0,734
5575,19481615.0,1141.0,734
9733,42102205.0,2308.0,734
4016,5607305.0,1083.0,734
4409,3747620.0,785.0,734
4416,3919985.0,408.0,734
3623,37582190.0,1277.0,734
5939,6062375.0,4660.0,734
5186,281728800.0,6860.0,734
9227,121500105.0,822.0,734
9708,161902175.0,952.0,734
6391,8975525.0,4785.0,734
3622,1218120.0,493.0,734
1723,526124115.0,2639.0,734
7990,177103730.0,2426.0,734
4498,88454660.0,1175.0,734
7367,2246130.0,333.0,734
4040,28400575.0,3920.0,734
6904,41528195.0,680.0,734
7820,28418630.0,712.0,734
4424,60657495.0,320.0,734
2997,11034290.0,1321.0,734
7780,425442370.0,1762.0,734
5947,1047539520.0,3377.0,734
5242,43655440.0,2380.0,734
6769,156429935.0,1177.0,734
7698,7750710.0,2840.0,734
4493,388605015.0,1965.0,734
6460,3605392047.5,3264.0,734
5290,89169165.0,1229.0,734
7487,9125875.0,1856.0,734
4926,1048000.0,1250.0,734
9603,524786545.0,1147.0,734
1945,325199930.0,2180.0,734
5033,103602310.0,1255.0,734
9625,6434330.0,927.0,734
4251,107299580.0,1198.0,734
6560,46538400.0,1846.0,734
4093,8853155.0,433.0,734
367A,150909575.0,2743.0,304
9082,18945235.0,2294.0,734
